GSWA TSG Summary Mineral Log,,,,,,,,,,,,,,,,,,,,,,,,,,,,,,,,,,,,,,,,,,,,,,,,,,
Dataset,ABDP5,,,,,,,,,,,,,,,,,,,,,,,,,,,,,,,,,,,,,,,,,,,,,,,,,
Date_generated,16-02-2024,,,,,,,,,,,,,,,,,,,,,,,,,,,,,,,,,,,,,,,,,,,,,,,,,
SWIR_algorithm,TSA+,,,,,,,,,,,,,,,,,,,,,,,,,,,,,,,,,,,,,,,,,,,,,,,,,
TIR_algorithm,jCLST,,,,,,,,,,,,,,,,,,,,,,,,,,,,,,,,,,,,,,,,,,,,,,,,,
Bin_min_threshold,0.05,,,,,,,,,,,,,,,,,,,,,,,,,,,,,,,,,,,,,,,,,,,,,,,,,
Scalar_min_depth,0.001,,,,,,,,,,,,,,,,,,,,,,,,,,,,,,,,,,,,,,,,,,,,,,,,,
System,Automated spectral unmixing result,,,,,,,,,,,,,,,,,,,,,,,,,,,,,,,,,,,,,,,,,,,,,,,,,
User,Geologist refined spectral unmixing result,,,,,,,,,,,,,,,,,,,,,,,,,,,,,,,,,,,,,,,,,,,,,,,,,
Other-AlOH,"Various Al-OH bearing phases e.g. diaspore (SWIR-only), gibbsite (SWIR-only), prehnite, pyrophyllite, axinite (TIR-only) and topaz (TIR-only)",,,,,,,,,,,,,,,,,,,,,,,,,,,,,,,,,,,,,,,,,,,,,,,,,
Other-MgOH,Various Mg-OH bearing phases e.g. brucite (SWIR-only) and talc,,,,,,,,,,,,,,,,,,,,,,,,,,,,,,,,,,,,,,,,,,,,,,,,,
Misc-Silicate,"Various silicate phases e.g. zircon, cordierite, vesuvianite, staurolite, andalusite, kyanite and sillimanite",,,,,,,,,,,,,,,,,,,,,,,,,,,,,,,,,,,,,,,,,,,,,,,,,
Invalid,"Unclassified e.g. aspectral, noisy, low albedo, high errors",,,,,,,,,,,,,,,,,,,,,,,,,,,,,,,,,,,,,,,,,,,,,,,,,
****D,"Background normalised depth of dominant spectral feature centred around wavelength **** (nm), labelled by typical feature assignment",,,,,,,,,,,,,,,,,,,,,,,,,,,,,,,,,,,,,,,,,,,,,,,,,
****W,"Wavelength of dominant spectral feature centred around **** (nm), labelled by typical feature assignment",,,,,,,,,,,,,,,,,,,,,,,,,,,,,,,,,,,,,,,,,,,,,,,,,
N.A.,Not detected or below threshold,,,,,,,,,,,,,,,,,,,,,,,,,,,,,,,,,,,,,,,,,,,,,,,,,
Depth_from_(m),Depth_to_(m),Kaolin_(System_SWIR),White-Mica_(System_SWIR),Smectite_(System_SWIR),Other-AlOH_(System_SWIR),Chlorite_(System_SWIR),Dark-Mica_(System_SWIR),Amphibole_(System_SWIR),Serpentine_(System_SWIR),Other-MgOH_(System_SWIR),Epidote_(System_SWIR),Tourmaline_(System_SWIR),Carbonate_(System_SWIR),Sulphate_(System_SWIR),Invalid_(System_SWIR),VIS-SWIR_Albedo,900D_Fe,900W_Fe,1900D_Water_Fe,2200D_AlOH,2200W_AlOH,2250D_FeOH,2250W_FeOH,Misc-Silicate_(System_TIR),Silica_(System_TIR),K-Feldspar_(System_TIR),Plagioclase_(System_TIR),Garnet_(System_TIR),Pyroxene_(System_TIR),Olivine_(System_TIR),Zeolite_(System_TIR),Kaolin_(System_TIR),White-Mica_(System_TIR),Smectite_(System_TIR),Other-AlOH_(System_TIR),Chlorite_(System_TIR),Dark-Mica_(System_TIR),Amphibole_(System_TIR),Serpentine_(System_TIR),Other-MgOH_(System_TIR),Epidote_(System_TIR),Tourmaline_(System_TIR),Carbonate_(System_TIR),Sulphate_(System_TIR),Phosphate_(System_TIR),Oxide_(System_TIR),INVALID_(System_TIR),8625D_Quartz,11300D_Carbonate,11300W_Carbonate
0.0,1.0,0.0183422,0.5875598,0.0013871,0.0047639,0.2909632,0.038259,N.A.,N.A.,N.A.,0.0087343,0.0109998,N.A.,0.0029542,0.036036,0.1476156,0.0704803,896.38311,0.0245313,0.0893517,2193.8332,0.03008,2255.2529,N.A.,0.4677836,0.0228243,0.0043791,N.A.,0.0016686,N.A.,N.A.,0.0212225,0.3536135,0.0898343,N.A.,0.0228496,0.0088687,0.0019983,N.A.,N.A.,N.A.,N.A.,N.A.,0.0049571,N.A.,N.A.,N.A.,0.1374378,0.0012543,11595.454
1.0,2.0,0.0228869,0.5145844,0.0089177,N.A.,0.2049267,0.0268794,N.A.,N.A.,N.A.,N.A.,0.0045256,0.0041463,0.0015326,0.2115998,0.1385598,0.0538666,897.74536,0.0241035,0.0750907,2192.478,0.0284491,2254.9687,N.A.,0.4882993,0.0332741,0.0011024,N.A.,N.A.,N.A.,N.A.,0.0078415,0.3701307,0.0593951,0.0016679,0.0082712,0.0079752,0.0094947,N.A.,N.A.,N.A.,N.A.,N.A.,0.0125473,N.A.,N.A.,N.A.,0.1440366,0.001328,11593.851
2.0,3.0,0.0062761,0.4274028,0.0018685,0.0045433,0.1669218,0.0264135,N.A.,N.A.,N.A.,0.0029163,N.A.,0.0048067,0.0030814,0.3557692,0.1455971,0.0492653,899.48236,0.0168154,0.0627457,2191.8586,0.0243314,2255.4816,N.A.,0.4948715,0.0045566,N.A.,N.A.,0.0002758,N.A.,N.A.,0.0041564,0.2804141,0.0523923,0.0018875,0.0241265,0.012571,0.0978036,N.A.,N.A.,N.A.,N.A.,N.A.,0.0269441,N.A.,N.A.,N.A.,0.147807,0.0013284,11597.364
3.0,4.0,0.0163705,0.440343,0.0034511,0.0030736,0.2212817,0.0191696,0.0014336,N.A.,N.A.,0.001517,0.0159523,N.A.,N.A.,0.2774071,0.1354899,0.0567162,898.34582,0.0213114,0.0690706,2193.1018,0.0310456,2256.165,N.A.,0.509424,0.0102107,N.A.,N.A.,N.A.,N.A.,N.A.,0.0124525,0.3546966,0.0312258,N.A.,0.0346344,0.0037286,0.02011,N.A.,N.A.,N.A.,N.A.,N.A.,0.023517,N.A.,N.A.,N.A.,0.1723406,0.0011511,11589.91
4.0,5.0,0.0277429,0.6159262,0.0020773,N.A.,0.1304707,0.0443375,N.A.,N.A.,N.A.,0.0021696,0.0119291,0.0015532,N.A.,0.16379300000000002,0.1610273,0.0559423,900.11346,0.0268026,0.0835517,2193.3061,0.0230218,2254.8981,N.A.,0.4450882,0.0230538,N.A.,N.A.,N.A.,N.A.,N.A.,0.019956,0.3678309,0.0707966,N.A.,0.0137645,0.0055576,0.045357,N.A.,N.A.,N.A.,N.A.,N.A.,0.0085951,N.A.,N.A.,N.A.,0.1487131,0.0013475,11587.25
5.0,6.0,0.001646,0.5587527,0.0036704,0.0040084,0.2356305,0.0394816,0.0026306,N.A.,N.A.,0.0034263,N.A.,N.A.,N.A.,0.1507529,0.1391938,0.0526439,900.14581,0.0179563,0.070114,2192.5632,0.0274152,2256.581,N.A.,0.5631777,0.0119934,N.A.,N.A.,N.A.,N.A.,N.A.,N.A.,0.3148166,0.0228141,N.A.,0.0364005,0.0114088,0.0311399,N.A.,N.A.,N.A.,N.A.,N.A.,0.0082486,N.A.,N.A.,N.A.,0.1737948,0.0013008,11588.25
6.0,7.0,0.0131636,0.4330451,0.0016802,0.00813,0.099452,0.0135592,N.A.,N.A.,N.A.,0.0099116,0.0068535,0.0218691,N.A.,0.392335,0.1247475,0.0646264,904.3374,0.0191678,0.0706255,2192.3215,0.024357,2255.7368,N.A.,0.4911018,0.0132438,0.002478,N.A.,0.0003943,N.A.,N.A.,0.0004476,0.3239169,0.0217708,0.0015197,0.0284174,N.A.,0.066144,N.A.,0.005544,0.0042671,N.A.,0.0119578,0.0287963,N.A.,N.A.,N.A.,0.1567995,0.0015847,11557.377
7.0,8.0,0.0155544,0.4680636,0.0083937,0.0043176,0.1895557,0.0717121,N.A.,N.A.,N.A.,0.0054761,0.0029504,0.0131623,0.0016886,0.2191248,0.1594498,0.0680423,901.86358,0.0185614,0.0685522,2192.2631,0.0249207,2255.9331,N.A.,0.5461459,0.0064322,N.A.,N.A.,0.0001943,N.A.,N.A.,0.0091515,0.3235658,0.0192092,N.A.,0.0227245,0.0178636,0.0269729,N.A.,N.A.,0.0010909,N.A.,0.0094774,0.0171714,N.A.,N.A.,N.A.,0.1935671,0.0028101,11548.735
8.0,9.0,0.0127695,0.3786338,N.A.,0.0062952,0.0875585,0.0188441,N.A.,N.A.,N.A.,N.A.,0.0053386,0.0252502,0.0086166,0.4566929,0.1394622,0.0576399,903.07379,0.0176273,0.0558509,2194.748,0.0180649,2256.0046,N.A.,0.5153847,0.0043942,0.0207227,N.A.,N.A.,N.A.,N.A.,0.0060579,0.2982451,0.042675,0.0006055,0.0108711,0.0013456,0.0338786,N.A.,N.A.,N.A.,N.A.,0.024778,0.0410409,N.A.,N.A.,N.A.,0.1719636,0.0018809,11566.522
9.0,10.0,N.A.,0.2314708,N.A.,N.A.,0.0781694,0.0158758,N.A.,0.0025838,N.A.,0.0044049,N.A.,0.0040333,N.A.,0.6634615,0.1239737,0.064257,898.11804,0.0136555,0.0475043,2191.364,0.0201794,2255.665,N.A.,0.5064294,0.0032444,N.A.,N.A.,0.001498,N.A.,N.A.,N.A.,0.3634991,0.0078041,0.0189837,0.0062344,0.0004608,0.05817,N.A.,0.0023139,N.A.,N.A.,0.0006666,0.0306951,N.A.,N.A.,N.A.,0.1927568,0.0012807,11568.509
10.0,11.0,0.010989,0.1289863,N.A.,0.010989,0.0178989,N.A.,N.A.,N.A.,N.A.,N.A.,0.0049172,0.0089777,0.0040549,0.8131868,0.1069378,0.0607548,906.14587,0.0135117,0.0459637,2190.5871,0.017924,2256.416,N.A.,0.4675754,N.A.,N.A.,N.A.,N.A.,N.A.,N.A.,0.0036228,0.3841644,N.A.,0.0086969,0.0005097,0.0018339,0.0395792,N.A.,N.A.,0.0023366,N.A.,0.0043468,0.0873339,N.A.,N.A.,N.A.,0.217684,0.0014944,11563.85
11.0,12.0,N.A.,0.186053,N.A.,N.A.,0.0398417,N.A.,N.A.,N.A.,N.A.,0.006261,0.0082514,0.0533027,N.A.,0.7062899,0.1145505,0.054956,895.28228,0.0135089,0.0482731,2191.2302,0.0202906,2256.6821,N.A.,0.4981839,N.A.,N.A.,N.A.,N.A.,N.A.,N.A.,N.A.,0.3358838,0.0021828,0.0103808,0.0019013,0.0081635,0.0536334,N.A.,N.A.,N.A.,N.A.,0.0217536,0.0679166,N.A.,N.A.,N.A.,0.2103892,0.002445,11536.51
12.0,13.0,N.A.,0.2071918,N.A.,0.0184961,0.0217747,N.A.,N.A.,N.A.,N.A.,0.0132815,N.A.,0.0536234,0.0106322,0.675,0.1231383,0.0509947,901.27063,0.0125291,0.0477238,2191.5466,0.0173903,2255.3425,N.A.,0.4827385,N.A.,N.A.,N.A.,N.A.,N.A.,N.A.,N.A.,0.3526549,N.A.,0.0115101,N.A.,N.A.,0.0526,N.A.,N.A.,0.0015142,N.A.,0.0501681,0.0488139,N.A.,N.A.,N.A.,0.2047041,0.0012397,11596.84
13.0,14.0,N.A.,0.2345005,N.A.,N.A.,0.0836812,N.A.,N.A.,N.A.,N.A.,N.A.,N.A.,N.A.,N.A.,0.6818181,0.124025,0.052677,898.41003,0.0115952,0.0402632,2193.4921,0.0181651,2256.8239,N.A.,0.5168957,0.0103952,N.A.,N.A.,N.A.,N.A.,N.A.,N.A.,0.2954589,N.A.,N.A.,0.0118624,0.0112873,0.1149426,N.A.,N.A.,N.A.,N.A.,N.A.,0.0391575,N.A.,N.A.,N.A.,0.1804852,0.0010266,11600.46
14.0,15.0,N.A.,0.1517056,N.A.,0.0146046,0.1673496,N.A.,N.A.,N.A.,N.A.,0.0062286,0.014278,N.A.,N.A.,0.6458333,0.1257201,0.0633226,914.04107,0.0148714,0.0421998,2192.8252,0.0197493,2254.8684,N.A.,0.6080849,0.0064281,N.A.,N.A.,N.A.,N.A.,N.A.,N.A.,0.3019606,N.A.,0.0069459,0.0210459,N.A.,0.0314061,N.A.,N.A.,N.A.,N.A.,N.A.,0.0241282,N.A.,N.A.,N.A.,0.2039478,0.0013962,11581.764
15.0,16.0,N.A.,0.2819784,N.A.,0.001938,0.0696316,N.A.,N.A.,N.A.,N.A.,N.A.,0.0249507,0.0766531,0.0081791,0.5366685999999999,0.1353104,0.0648514,914.96716,0.0181233,0.0495143,2193.0622,0.0153091,2255.76,N.A.,0.5895733,0.0012291,N.A.,N.A.,0.0015553,N.A.,N.A.,N.A.,0.308608,0.0139182,0.0043222,0.0108504,0.0128365,0.0083036,N.A.,N.A.,N.A.,N.A.,0.0313944,0.0174084,N.A.,N.A.,N.A.,0.1890709,0.0099274,11484.794
16.0,17.0,N.A.,N.A.,N.A.,N.A.,N.A.,N.A.,N.A.,N.A.,N.A.,N.A.,N.A.,N.A.,N.A.,1.0,0.0901225,0.0425,923.55706,0.0153226,0.0303472,2187.155,0.0159669,2255.5493,N.A.,0.5854787,N.A.,N.A.,N.A.,N.A.,N.A.,N.A.,N.A.,0.3897892,N.A.,N.A.,0.0018182,0.0032057,0.0065914,N.A.,N.A.,N.A.,N.A.,0.0062442,0.0068723,N.A.,N.A.,N.A.,0.1998402,0.0020307,11504.223
17.0,18.0,N.A.,0.0332644,N.A.,N.A.,0.0076476,N.A.,N.A.,N.A.,N.A.,N.A.,0.0027846,0.0277726,N.A.,0.9285306000000001,0.0747313,0.039614,922.25537,0.0176898,0.0431565,2187.698,0.0199575,2256.0195,N.A.,0.5422287,N.A.,N.A.,N.A.,N.A.,N.A.,N.A.,N.A.,0.3153078,N.A.,0.0178233,0.0121251,0.004331,0.0323202,N.A.,0.0551447,N.A.,N.A.,0.0024825,0.0182362,N.A.,N.A.,N.A.,0.2023199,0.0013979,11545.816
18.0,19.0,N.A.,N.A.,N.A.,N.A.,N.A.,N.A.,N.A.,N.A.,N.A.,N.A.,N.A.,N.A.,0.0057639,0.9942359000000001,0.0522133,0.0359587,903.5592,0.018672,0.0451438,2182.5358,0.0216153,2255.802,N.A.,0.5180923,0.0277329,N.A.,N.A.,0.015549,N.A.,N.A.,N.A.,0.3309095,0.0040937,0.0102113,N.A.,0.0050606,0.0476377,N.A.,0.018772,N.A.,N.A.,0.0099572,0.0119832,N.A.,N.A.,N.A.,0.1900031,0.0014313,11504.093
19.0,20.0,N.A.,0.0095451,N.A.,N.A.,N.A.,0.0034456,N.A.,N.A.,N.A.,N.A.,N.A.,0.017937,N.A.,0.9690721,0.0651314,0.0557631,923.24841,0.0169705,0.0388589,2184.7087,0.0202441,2255.8134,N.A.,0.4854457,0.0064617,N.A.,N.A.,0.0066293,N.A.,N.A.,0.0100797,0.3005138,0.0158838,0.0052788,0.0073802,0.0721685,0.0496221,0.0014412,0.002494,N.A.,N.A.,0.0229344,0.0136661,N.A.,N.A.,N.A.,0.1867183,0.0033539,11364.756
20.0,21.0,N.A.,0.0083406,0.0051549,N.A.,0.0148392,N.A.,N.A.,N.A.,N.A.,0.0140756,N.A.,0.0501848,0.00617,0.9012345,0.0645659,0.0358752,945.40155,0.0217887,0.0419874,2183.8376,0.0234522,2256.0532,N.A.,0.5539172,0.0169322,N.A.,N.A.,0.0025493,N.A.,N.A.,N.A.,0.2321559,0.0149096,0.0137718,0.0043223,0.031417,0.0604188,N.A.,N.A.,0.0025949,N.A.,0.0387516,0.0282586,N.A.,N.A.,N.A.,0.2063146,0.0041474,11360.157
21.0,22.0,N.A.,N.A.,N.A.,N.A.,N.A.,N.A.,N.A.,N.A.,N.A.,N.A.,N.A.,0.0177749,0.0049522,0.9772726,0.0634867,0.0227529,973.50891,0.0219235,0.0400593,2189.5927,0.0207366,2256.8144,N.A.,0.4912198,0.0098566,N.A.,N.A.,0.0107667,N.A.,N.A.,N.A.,0.215167,N.A.,N.A.,0.0020859,0.0212713,0.1205129,N.A.,N.A.,N.A.,N.A.,0.0345485,0.0900751,N.A.,0.0044957,N.A.,0.197252,0.0037434,11378.905
22.0,23.0,0.0042763,N.A.,N.A.,N.A.,0.006868,N.A.,N.A.,N.A.,N.A.,N.A.,0.0023701,0.0332143,N.A.,0.9532708999999999,0.0753151,0.0244378,941.75671,0.0177225,0.0314104,2186.6206,0.0175357,2256.1943,N.A.,0.5162336,0.012847,N.A.,N.A.,0.0151366,N.A.,N.A.,N.A.,0.2132232,N.A.,N.A.,0.0012859,0.014433,0.0898891,N.A.,N.A.,N.A.,N.A.,0.0669546,0.0699966,N.A.,N.A.,N.A.,0.1975875,0.00565,11366.568
23.0,24.0,N.A.,N.A.,N.A.,N.A.,N.A.,N.A.,N.A.,N.A.,N.A.,N.A.,N.A.,0.0039404,N.A.,0.9960595,0.0735256,0.0770504,983.16247,0.0150444,0.0372028,2189.3259,0.0173146,2256.4372,N.A.,0.5633214,0.004042,0.0021873,N.A.,0.001683,N.A.,N.A.,N.A.,0.2641555,0.0009802,0.001499,N.A.,0.0339232,0.0133811,N.A.,N.A.,N.A.,N.A.,0.0830824,0.0317444,N.A.,N.A.,N.A.,0.2192637,0.0058072,11339.847
24.0,25.0,N.A.,N.A.,N.A.,N.A.,0.0086007,N.A.,N.A.,N.A.,N.A.,0.0055451,N.A.,0.0017085,0.0047641,0.9793814,0.0695764,0.0245039,906.20239,0.0319914,0.0316087,2182.8576,0.0217669,2255.6176,N.A.,0.5514059,0.02444,N.A.,N.A.,0.0025713,N.A.,N.A.,N.A.,0.1193439,0.0326248,N.A.,0.0017406,0.0601505,0.0979427,N.A.,N.A.,0.0008608,N.A.,0.0478948,0.0610242,N.A.,N.A.,N.A.,0.1944388,0.0039017,11328.436
25.0,26.0,N.A.,N.A.,N.A.,N.A.,N.A.,N.A.,N.A.,N.A.,N.A.,N.A.,N.A.,0.0173242,N.A.,0.9826756,0.0674121,0.0446096,963.58062,0.1087857,0.0325324,2183.7805,0.0171918,2256.2697,N.A.,0.2251057,0.0441645,N.A.,N.A.,0.0363483,N.A.,N.A.,N.A.,0.1131591,0.2349453,0.0014142,N.A.,0.007651,0.0664105,N.A.,N.A.,N.A.,N.A.,0.0234591,0.181602,N.A.,0.0657398,N.A.,0.2098228,0.0062673,11327.99
26.0,27.0,N.A.,N.A.,N.A.,N.A.,N.A.,N.A.,N.A.,N.A.,N.A.,N.A.,N.A.,N.A.,N.A.,1.0,0.0809253,0.018537,968.03857,0.1265064,0.0273178,2183.3098,0.0122012,2257.322,N.A.,0.2543618,0.0601262,N.A.,N.A.,0.0526011,N.A.,N.A.,N.A.,0.1393591,0.2047863,N.A.,0.0180219,0.0018655,0.0179751,N.A.,0.0120678,N.A.,N.A.,0.025632,0.1306394,N.A.,0.0825633,N.A.,0.1964879,0.00409,11333.923
27.0,28.0,N.A.,N.A.,N.A.,0.0071855,N.A.,N.A.,0.0027153,N.A.,N.A.,N.A.,N.A.,0.0545613,N.A.,0.9355375,0.0751432,0.0342897,906.87683,0.0181629,0.0348971,2182.7971,0.0169454,2254.6835,N.A.,0.578768,0.0105868,N.A.,N.A.,N.A.,N.A.,N.A.,N.A.,0.196282,0.0011098,N.A.,0.0045263,0.0926861,0.0388884,N.A.,0.0067368,N.A.,N.A.,0.0609657,0.0094495,N.A.,N.A.,N.A.,0.1946026,0.0068517,11333.607
28.0,29.0,N.A.,N.A.,N.A.,0.0098039,N.A.,N.A.,N.A.,N.A.,N.A.,N.A.,N.A.,0.0098039,N.A.,0.9803921,0.0690984,0.0286393,962.83154,0.0160557,0.0372351,2188.8418,0.0200443,2254.8601,N.A.,0.5897773,0.0035716,N.A.,N.A.,N.A.,N.A.,N.A.,N.A.,0.2406587,N.A.,0.0029941,N.A.,0.0429323,0.0376824,N.A.,N.A.,0.0056002,N.A.,0.056931,0.0198519,N.A.,N.A.,N.A.,0.2213915,0.0041788,11350.407
29.0,30.0,0.0038014,0.0034542,N.A.,0.0017191,0.0176983,0.0046326,N.A.,N.A.,N.A.,N.A.,N.A.,0.0366553,N.A.,0.9320388,0.0724906,0.0175914,N.A.,0.0174878,0.0368905,2187.9274,0.0201091,2255.5642,N.A.,0.586207,0.0032975,N.A.,N.A.,N.A.,N.A.,N.A.,0.0020641,0.2242558,0.0064224,N.A.,0.0051119,0.0437294,0.0270703,N.A.,0.0081961,N.A.,N.A.,0.071826,0.0218186,N.A.,N.A.,N.A.,0.2167318,0.0060633,11322.775
30.0,31.0,N.A.,N.A.,N.A.,N.A.,N.A.,N.A.,N.A.,N.A.,N.A.,N.A.,N.A.,0.0113636,N.A.,0.9886363,0.0616815,0.0495315,906.93212,0.0166566,0.0374466,2182.2946,0.0220909,2256.1706,N.A.,0.5387321,N.A.,N.A.,N.A.,N.A.,N.A.,N.A.,N.A.,0.3409101,N.A.,0.0055881,N.A.,0.0193661,0.0433246,N.A.,N.A.,N.A.,N.A.,0.0459882,0.0060907,N.A.,N.A.,N.A.,0.225821,0.0040977,11329.286
31.0,32.0,N.A.,N.A.,N.A.,N.A.,N.A.,N.A.,N.A.,N.A.,0.0086295,N.A.,N.A.,0.0023594,N.A.,0.9890109,0.06329,0.0304585,934.37005,0.0175323,0.0338123,2183.6145,0.0195579,2255.9838,N.A.,0.4922215,0.0237066,N.A.,N.A.,N.A.,N.A.,N.A.,N.A.,0.2824381,N.A.,0.0181335,0.0094542,0.0241217,0.0587932,N.A.,0.0412878,N.A.,N.A.,0.0240455,0.0257972,N.A.,N.A.,N.A.,0.2140354,0.0027167,11357.564
32.0,33.0,N.A.,N.A.,N.A.,0.012987,N.A.,N.A.,N.A.,N.A.,N.A.,N.A.,N.A.,0.025974,N.A.,0.9610389,0.066716,0.0482725,928.64093,0.015864,0.0398041,2184.4191,0.019481,2256.3999,N.A.,0.5417845,N.A.,N.A.,N.A.,0.0012844,N.A.,N.A.,N.A.,0.3165776,0.0018305,0.0073856,N.A.,0.0152543,0.0071057,N.A.,0.0048084,N.A.,N.A.,0.0737069,0.0302614,N.A.,N.A.,N.A.,0.2200449,0.0044883,11333.476
33.0,34.0,N.A.,N.A.,N.A.,0.0045177,0.0091743,0.0064149,N.A.,N.A.,N.A.,N.A.,N.A.,0.0098464,N.A.,0.9700465,0.0744028,0.0317154,942.12341,0.0198447,0.0331562,2179.8879,0.0184188,2256.2468,N.A.,0.5377938,0.0118822,N.A.,N.A.,N.A.,N.A.,N.A.,N.A.,0.3417997,0.0048772,0.0089249,N.A.,0.0166689,N.A.,N.A.,0.0219122,N.A.,N.A.,0.0501479,0.0059927,N.A.,N.A.,N.A.,0.2016589,0.0029401,11387.777
34.0,35.0,N.A.,N.A.,N.A.,N.A.,N.A.,N.A.,N.A.,N.A.,N.A.,N.A.,N.A.,0.0056992,N.A.,0.9943006,0.0541472,0.0306428,912.67242,0.0275341,0.044886,2184.6081,0.0217591,2256.1359,N.A.,0.5007599,0.0016722,N.A.,N.A.,N.A.,N.A.,N.A.,N.A.,0.313454,0.0217558,0.0073513,N.A.,0.0494449,0.0029565,N.A.,0.0040672,N.A.,N.A.,0.0632673,0.0343897,N.A.,0.0008808,N.A.,0.1941596,0.0036478,11333.575
35.0,36.0,N.A.,0.0110066,N.A.,N.A.,N.A.,N.A.,N.A.,N.A.,N.A.,N.A.,N.A.,0.0611454,0.002604,0.9252437,0.0777673,0.0288595,918.98547,0.0279688,0.0408515,2186.5305,0.0170762,2257.3273,N.A.,0.5194333,0.0089518,0.0017124,N.A.,0.0176728,N.A.,N.A.,N.A.,0.326621,0.004169,0.000975,N.A.,0.04845,0.0030458,N.A.,0.0027294,N.A.,N.A.,0.057113,0.0068615,N.A.,0.0022645,N.A.,0.1753795,0.0043627,11380.953
36.0,37.0,0.0272047,0.0251884,N.A.,N.A.,0.0054685,0.0064211,N.A.,N.A.,N.A.,N.A.,N.A.,0.033278,0.0121951,0.8902438,0.071374,0.0344856,925.44738,0.0308498,0.0507955,2193.1479,0.0204194,2256.8205,N.A.,0.4130214,0.0865378,0.0021026,N.A.,0.0068978,N.A.,N.A.,0.0086061,0.3213636,0.0190911,0.0205731,0.0026688,0.0128335,0.0544018,N.A.,N.A.,0.0024021,N.A.,0.025292,0.0242077,N.A.,N.A.,N.A.,0.1591397,0.0034097,11416.472
37.0,38.0,0.0165759,0.009499,N.A.,N.A.,N.A.,N.A.,N.A.,N.A.,N.A.,N.A.,N.A.,0.0478434,N.A.,0.9260815,0.0754171,0.039294,931.00085,0.0762917,0.0408887,2185.4035,0.0176135,2257.164,N.A.,0.3628924,0.1419848,N.A.,N.A.,0.0328542,N.A.,N.A.,0.0040151,0.2255046,0.0616431,0.0116174,N.A.,0.028972,0.0205419,N.A.,N.A.,N.A.,N.A.,0.0282022,0.0634464,N.A.,0.0183254,N.A.,0.1691999,0.0047615,11354.403
38.0,39.0,N.A.,0.0754873,N.A.,N.A.,0.0030647,0.0041149,N.A.,N.A.,N.A.,N.A.,N.A.,0.0931571,N.A.,0.8241758,0.0894837,0.0447868,941.65033,0.0517112,0.0453703,2187.9152,0.0163987,2257.7121,N.A.,0.5283798,0.0407945,N.A.,N.A.,0.0341827,N.A.,N.A.,0.0118451,0.1014572,0.0442832,0.0058312,0.0023897,0.0340499,0.0305746,0.0055991,N.A.,N.A.,N.A.,0.0836806,0.0552304,N.A.,0.0217015,N.A.,0.2062512,0.0082561,11343.02
39.0,40.0,N.A.,0.0282946,N.A.,0.001618,N.A.,N.A.,N.A.,N.A.,N.A.,N.A.,N.A.,0.0290923,0.0058097,0.9351851,0.0718761,0.039596,937.75244,0.0137805,0.0395771,2184.965,0.0202253,2257.8754,N.A.,0.6605363,N.A.,N.A.,N.A.,0.0010053,N.A.,N.A.,N.A.,0.0726303,0.005271,N.A.,N.A.,0.0911609,0.0595291,N.A.,N.A.,N.A.,N.A.,0.0886768,0.0211899,N.A.,N.A.,N.A.,0.211629,0.0078542,11333.467
40.0,41.0,N.A.,N.A.,N.A.,N.A.,N.A.,N.A.,N.A.,N.A.,N.A.,N.A.,N.A.,N.A.,N.A.,1.0,0.0514857,0.061572,916.33087,0.0175729,0.0470118,2183.5256,0.0244687,2257.0412,N.A.,0.5689674,0.0049648,N.A.,N.A.,0.0053891,N.A.,N.A.,N.A.,0.2387151,N.A.,N.A.,N.A.,0.0047238,0.1369875,N.A.,N.A.,0.0022056,N.A.,0.0205265,0.0175197,N.A.,N.A.,N.A.,0.2179382,0.0030919,11375.299
41.0,42.0,0.0099995,N.A.,N.A.,N.A.,N.A.,N.A.,N.A.,N.A.,N.A.,N.A.,N.A.,0.0049257,N.A.,0.9850746,0.0583846,N.A.,N.A.,0.0172103,0.0462453,2185.062,0.0215881,2255.2277,N.A.,0.608304,0.0068279,N.A.,N.A.,0.0025405,N.A.,N.A.,N.A.,0.1427959,0.0033369,N.A.,0.0035149,0.0617385,0.0709998,N.A.,N.A.,N.A.,N.A.,0.0907712,0.0091699,N.A.,N.A.,N.A.,0.2148431,0.0058475,11358.857
42.0,43.0,N.A.,0.0056285,N.A.,N.A.,N.A.,N.A.,N.A.,N.A.,N.A.,N.A.,N.A.,0.0259504,N.A.,0.968421,0.0704196,0.0485461,949.60022,0.015364,0.0358656,2188.5839,0.0178992,2255.2131,N.A.,0.6023466,N.A.,0.0026712,N.A.,N.A.,N.A.,N.A.,N.A.,0.1876322,N.A.,N.A.,N.A.,0.0452169,0.0014603,N.A.,N.A.,N.A.,N.A.,0.1505964,0.0100762,N.A.,N.A.,N.A.,0.2179125,0.0068607,11368.997
43.0,44.0,N.A.,N.A.,N.A.,N.A.,N.A.,N.A.,N.A.,N.A.,N.A.,N.A.,N.A.,0.0027852,0.0082037,0.9890109,0.0647724,N.A.,N.A.,0.0147515,0.0387118,2183.0854,0.0174879,2255.4438,N.A.,0.6220703,N.A.,N.A.,N.A.,N.A.,N.A.,N.A.,N.A.,0.2133192,N.A.,N.A.,N.A.,0.014031,0.0028272,N.A.,N.A.,N.A.,N.A.,0.1380191,0.0097328,N.A.,N.A.,N.A.,0.2266616,0.0068809,11365.61
44.0,45.0,N.A.,N.A.,N.A.,N.A.,N.A.,N.A.,N.A.,N.A.,N.A.,N.A.,N.A.,0.0667071,0.012158,0.9211347,0.0722199,0.0463933,903.56225,0.0198719,0.0368179,2184.6101,0.0187517,2257.3369,N.A.,0.594702,N.A.,0.0011316,N.A.,N.A.,N.A.,N.A.,N.A.,0.0711437,0.0361744,N.A.,N.A.,0.0908676,0.0289819,N.A.,N.A.,N.A.,N.A.,0.146883,0.0301154,N.A.,N.A.,N.A.,0.1916902,0.0123958,11340.669
45.0,46.0,N.A.,0.016848,N.A.,N.A.,N.A.,N.A.,N.A.,N.A.,N.A.,0.002338,N.A.,0.0295944,N.A.,0.9512195,0.0693195,0.045487,948.82257,0.0236933,0.039947,2186.3298,0.0184846,2255.4213,N.A.,0.5927537,0.0022763,N.A.,N.A.,N.A.,N.A.,N.A.,N.A.,0.0553985,0.0363414,0.0173375,N.A.,0.1015098,0.0380643,N.A.,N.A.,N.A.,N.A.,0.0898035,0.0649208,N.A.,0.0015935,N.A.,0.1972292,0.0068024,11333.587
46.0,47.0,0.0037561,0.0133813,N.A.,N.A.,N.A.,N.A.,N.A.,N.A.,N.A.,N.A.,0.0094944,0.0143719,0.0104628,0.9485331,0.069515,0.0528041,926.92291,0.0284295,0.0402251,2185.8195,0.0170021,2257.978,N.A.,0.5482364,0.0233586,N.A.,N.A.,0.0603774,N.A.,N.A.,N.A.,0.1644337,0.0103515,N.A.,N.A.,0.044357,0.0098584,N.A.,N.A.,N.A.,N.A.,0.0898365,0.031828,N.A.,0.0173621,N.A.,0.2093103,0.0061028,11343.627
47.0,48.0,0.0135386,0.1599714,N.A.,0.0047392,0.0066222,0.0080513,N.A.,N.A.,N.A.,N.A.,N.A.,0.0912676,0.0250877,0.6907216,0.083336,0.0471049,944.1831,0.0279071,0.0559441,2189.6552,0.0162841,2257.2221,N.A.,0.6029364,0.0351794,N.A.,N.A.,0.0210506,N.A.,N.A.,0.012307,0.0999333,0.0345615,0.0110564,0.0045899,0.0627699,0.0358567,N.A.,N.A.,N.A.,N.A.,0.0551048,0.0230716,N.A.,0.0015818,N.A.,0.1933242,0.0065388,11328.107
48.0,49.0,N.A.,0.1206544,N.A.,0.0094339,0.0129454,N.A.,N.A.,N.A.,N.A.,0.0023261,0.0079645,0.0527647,N.A.,0.7939105999999999,0.1016871,N.A.,N.A.,0.0152196,0.0531455,2191.5371,0.0139093,2255.8608,N.A.,0.843629,N.A.,N.A.,N.A.,N.A.,N.A.,N.A.,N.A.,0.0376695,0.0223801,N.A.,N.A.,0.0021423,N.A.,N.A.,N.A.,N.A.,N.A.,0.0724084,0.0217704,N.A.,N.A.,N.A.,0.2307512,0.0058982,11321.916
49.0,50.0,N.A.,0.0314231,N.A.,N.A.,0.006091,N.A.,N.A.,N.A.,N.A.,N.A.,N.A.,0.0249857,N.A.,0.9375,0.0834971,N.A.,N.A.,0.0176551,0.0552158,2192.966,0.0189182,2257.8571,N.A.,0.7013597,0.0295822,0.0026463,N.A.,0.0073328,N.A.,N.A.,0.0202152,0.088717,0.074369,N.A.,0.0010514,0.0016239,N.A.,N.A.,N.A.,N.A.,N.A.,0.0484175,0.0210412,N.A.,0.0036431,N.A.,0.2018684,0.0054729,11351.523
50.0,51.0,0.0065742,0.0738132,N.A.,N.A.,N.A.,N.A.,N.A.,N.A.,N.A.,0.0048253,N.A.,0.083104,N.A.,0.8316831,0.0937843,0.0523755,940.41662,0.0221999,0.0470676,2192.5717,0.0152134,2256.8427,N.A.,0.8214861,0.0215328,0.0025473,N.A.,0.004453,N.A.,N.A.,0.0009325,0.0495517,0.0063303,N.A.,N.A.,0.0035069,0.0079955,N.A.,0.0041064,N.A.,N.A.,0.0724317,0.0051253,N.A.,N.A.,N.A.,0.2247487,0.0098832,11325.015
51.0,52.0,0.016962,0.200312,N.A.,N.A.,N.A.,N.A.,N.A.,N.A.,N.A.,N.A.,N.A.,0.0989606,N.A.,0.6837652,0.1029525,N.A.,N.A.,0.0199588,0.0618883,2192.573,0.0131716,2257.9809,N.A.,0.8826914,N.A.,0.0007984,N.A.,N.A.,N.A.,N.A.,N.A.,0.0104755,0.0141307,N.A.,N.A.,0.001826,N.A.,N.A.,N.A.,N.A.,N.A.,0.0836484,0.0064293,N.A.,N.A.,N.A.,0.2321692,0.0100973,11312.189
52.0,53.0,0.0033024,0.0641143,N.A.,N.A.,0.0070495,0.009925,N.A.,N.A.,N.A.,N.A.,N.A.,0.0154155,0.001571,0.8986217999999999,0.0872883,0.0301884,884.29907,0.012857,0.0584295,2191.9282,0.014809,2257.2465,N.A.,0.8796371,N.A.,N.A.,N.A.,N.A.,N.A.,N.A.,N.A.,0.009949,0.0199711,N.A.,0.0004609,0.0156134,0.001623,N.A.,N.A.,N.A.,N.A.,0.0480842,0.0246608,N.A.,N.A.,N.A.,0.2349746,0.0049821,11329.318
53.0,54.0,0.0204028,0.1494304,N.A.,N.A.,0.0160624,0.0048645,N.A.,N.A.,N.A.,N.A.,N.A.,0.062433,0.0080813,0.7387251,0.1006876,0.0267804,912.88439,0.0151769,0.0587061,2191.9814,0.0146873,2256.4714,N.A.,0.8049463,0.0068538,0.0007409,N.A.,0.0033336,N.A.,N.A.,0.0093292,0.091276,0.005612,N.A.,0.0011119,0.0037558,N.A.,N.A.,N.A.,N.A.,N.A.,0.067298,0.005742,N.A.,N.A.,N.A.,0.2177762,0.0088874,11338.915
54.0,55.0,0.00914,0.1184974,N.A.,N.A.,N.A.,N.A.,N.A.,N.A.,N.A.,N.A.,N.A.,0.0966615,N.A.,0.7757009,0.1077548,0.0386635,963.4599,0.0173397,0.0486497,2192.8073,0.0131039,2256.0412,N.A.,0.8326922,0.003834,0.0008635,N.A.,N.A.,N.A.,N.A.,N.A.,0.0243514,0.0086458,N.A.,N.A.,0.0014073,N.A.,N.A.,N.A.,N.A.,N.A.,0.1133509,0.0148547,N.A.,N.A.,N.A.,0.2275532,0.0131966,11307.975
55.0,56.0,0.0103926,0.0779338,N.A.,N.A.,N.A.,0.0055749,N.A.,N.A.,N.A.,N.A.,N.A.,0.1363624,0.0058472,0.7638889,0.1065597,0.0970709,935.26904,0.021104,0.0467108,2190.6503,0.013116,2256.2829,N.A.,0.7882216,0.0085441,N.A.,N.A.,N.A.,N.A.,N.A.,0.0008272,0.0333477,0.0209393,0.0075508,N.A.,0.0068402,0.0048636,N.A.,N.A.,N.A.,N.A.,0.1144404,0.0144248,N.A.,N.A.,N.A.,0.2207169,0.0154237,11316.289
56.0,57.0,0.0092614,0.1749199,N.A.,N.A.,0.0192698,0.0054427,N.A.,N.A.,N.A.,N.A.,N.A.,0.1107122,N.A.,0.6803935999999999,0.1153782,0.0458826,926.86749,0.0179451,0.0551891,2192.0976,0.0151835,2257.9318,N.A.,0.8954244,N.A.,0.0017785,N.A.,N.A.,N.A.,N.A.,N.A.,0.0064607,0.0082009,N.A.,N.A.,0.0005393,N.A.,N.A.,N.A.,N.A.,N.A.,0.0838229,0.003773,N.A.,N.A.,N.A.,0.2415272,0.0113959,11295.895
57.0,58.0,0.0148384,0.0709181,N.A.,0.0068562,0.0085192,N.A.,N.A.,N.A.,N.A.,0.0015817,N.A.,0.0385431,0.006618,0.8521249000000001,0.104712,0.0541556,957.44952,0.0124793,0.0505569,2193.2197,0.0130921,2255.8276,N.A.,0.7764282,0.0028138,N.A.,N.A.,0.0022827,N.A.,N.A.,0.0055864,0.0405419,0.0504127,0.0057071,0.0005659,0.0010611,0.0052352,N.A.,N.A.,N.A.,N.A.,0.0771711,0.0321933,N.A.,N.A.,N.A.,0.2229743,0.0062256,11315.255
58.0,59.0,N.A.,0.0567269,N.A.,N.A.,N.A.,N.A.,N.A.,N.A.,N.A.,N.A.,N.A.,0.0257603,0.0029827,0.9145299,0.1064167,N.A.,N.A.,0.0119144,0.046729,2192.3252,0.0136512,2256.4309,N.A.,0.8696448,N.A.,N.A.,N.A.,N.A.,N.A.,N.A.,N.A.,0.0036526,0.0024448,N.A.,N.A.,0.0012251,0.0013241,N.A.,N.A.,N.A.,N.A.,0.0855059,0.0362023,N.A.,N.A.,N.A.,0.2430934,0.0069855,11306.288
59.0,60.0,N.A.,0.0383684,N.A.,0.0051053,N.A.,0.0035042,N.A.,N.A.,N.A.,N.A.,N.A.,0.0875288,0.0112359,0.854257,0.0941406,0.0436649,976.05029,0.0190845,0.0437016,2194.5622,0.0166209,2256.4484,N.A.,0.6557006,0.0242925,N.A.,N.A.,0.0082897,N.A.,N.A.,0.0032763,0.0862794,0.0160755,0.0033254,N.A.,0.0130925,0.0125445,N.A.,N.A.,0.0029722,N.A.,0.1351594,0.0389914,N.A.,N.A.,N.A.,0.2141721,0.0149667,11316.793
60.0,61.0,N.A.,N.A.,N.A.,N.A.,N.A.,N.A.,N.A.,N.A.,N.A.,N.A.,N.A.,N.A.,N.A.,1.0,0.0688534,0.0499395,888.1632,0.0157897,0.0366254,2184.5849,0.0156262,2255.0888,N.A.,0.5917197,0.004362,N.A.,N.A.,N.A.,N.A.,N.A.,N.A.,0.2025658,0.0041155,N.A.,N.A.,0.0266167,0.0086584,N.A.,N.A.,N.A.,N.A.,0.1413788,0.0205827,N.A.,N.A.,N.A.,0.2322868,0.0075219,11387.662
61.0,62.0,N.A.,N.A.,N.A.,N.A.,0.0079978,N.A.,N.A.,N.A.,N.A.,N.A.,N.A.,0.0131578,0.00516,0.9736841,0.0655506,0.0471998,956.1806,0.0203859,0.042078,2184.2351,0.0198997,2256.9226,N.A.,0.5922201,N.A.,N.A.,N.A.,N.A.,N.A.,N.A.,N.A.,0.1799775,0.012502,N.A.,0.0035239,0.0101297,0.0298689,N.A.,N.A.,N.A.,N.A.,0.0843696,0.0874079,N.A.,N.A.,N.A.,0.2251206,0.0061594,11413.197
62.0,63.0,N.A.,N.A.,N.A.,N.A.,N.A.,N.A.,N.A.,N.A.,N.A.,N.A.,N.A.,0.0070462,N.A.,0.9929536,0.0640401,N.A.,N.A.,0.0159373,0.0406854,2184.2981,0.0196496,2254.9353,N.A.,0.5501699,0.0086848,N.A.,N.A.,0.0072781,N.A.,N.A.,N.A.,0.2063085,0.0031447,0.0019448,0.0031902,0.0062612,0.0096361,N.A.,N.A.,N.A.,N.A.,0.1451059,0.0582752,N.A.,N.A.,N.A.,0.2323013,0.0069792,11373.15
63.0,64.0,N.A.,N.A.,N.A.,N.A.,N.A.,N.A.,N.A.,N.A.,N.A.,N.A.,N.A.,N.A.,N.A.,1.0,0.0652554,N.A.,N.A.,0.0147877,0.0394483,2183.2597,0.0184859,2256.392,N.A.,0.6106269,N.A.,N.A.,N.A.,N.A.,N.A.,N.A.,N.A.,0.1928031,0.0018263,N.A.,0.0033963,0.0149529,0.006963,N.A.,N.A.,N.A.,N.A.,0.1112191,0.0582121,N.A.,N.A.,N.A.,0.2465298,0.0076349,11351.989
64.0,65.0,N.A.,0.006009,N.A.,N.A.,N.A.,N.A.,N.A.,N.A.,N.A.,N.A.,N.A.,0.0112559,0.0184778,0.964257,0.0617184,N.A.,N.A.,0.0135938,0.0393007,2187.6533,0.0186753,2259.1103,N.A.,0.5917248,N.A.,N.A.,N.A.,N.A.,N.A.,N.A.,N.A.,0.2363264,N.A.,N.A.,N.A.,0.0038947,N.A.,N.A.,N.A.,N.A.,N.A.,0.1089747,0.0590791,N.A.,N.A.,N.A.,0.2459649,0.0060126,11369.032
65.0,66.0,N.A.,0.019908,N.A.,N.A.,N.A.,0.0046101,N.A.,N.A.,N.A.,N.A.,N.A.,0.0193923,0.008721,0.9473684,0.0626264,N.A.,N.A.,0.0155977,0.0444025,2183.1511,0.0190858,2255.9909,N.A.,0.5926343,0.0060361,N.A.,N.A.,N.A.,N.A.,N.A.,N.A.,0.1827146,N.A.,0.0015344,0.001402,0.0297987,0.0114936,N.A.,N.A.,N.A.,N.A.,0.1300856,0.0443002,N.A.,N.A.,N.A.,0.235457,0.0065933,11364.405
66.0,67.0,N.A.,0.0115818,N.A.,N.A.,N.A.,N.A.,N.A.,N.A.,N.A.,N.A.,N.A.,0.0981921,0.0035656,0.8866603,0.0709685,0.0684367,960.16918,0.0205646,0.0420704,2188.3361,0.0166957,2255.2248,N.A.,0.6399379,0.0057023,N.A.,N.A.,N.A.,N.A.,N.A.,N.A.,0.1320672,0.0100543,N.A.,0.0010253,0.0417556,0.002265,N.A.,N.A.,N.A.,N.A.,0.128231,0.0389609,N.A.,N.A.,N.A.,0.2203192,0.0103619,11347.222
67.0,68.0,N.A.,0.0043207,N.A.,N.A.,N.A.,N.A.,N.A.,N.A.,N.A.,N.A.,N.A.,0.0144468,N.A.,0.9812323,0.0659874,0.0414662,938.70953,0.0168773,0.0403374,2184.5041,0.0192632,2254.3562,N.A.,0.633718,0.0040459,N.A.,N.A.,N.A.,N.A.,N.A.,N.A.,0.1880291,0.000901,N.A.,N.A.,0.0014523,N.A.,N.A.,N.A.,N.A.,N.A.,0.1322972,0.0395563,N.A.,N.A.,N.A.,0.2274514,0.0073789,11364.704
68.0,69.0,N.A.,N.A.,N.A.,N.A.,0.0117214,N.A.,N.A.,N.A.,N.A.,N.A.,N.A.,0.0233178,N.A.,0.9649605000000001,0.061804,0.0473247,958.26464,0.0169394,0.0425953,2186.8098,0.021877,2258.0908,N.A.,0.5522676,0.0057089,N.A.,N.A.,N.A.,N.A.,N.A.,N.A.,0.131942,0.0015324,N.A.,0.0022458,0.0234683,0.0581928,N.A.,0.0031831,0.0019864,N.A.,0.1307334,0.0887386,N.A.,N.A.,N.A.,0.2251453,0.0096212,11366.632
69.0,70.0,N.A.,N.A.,N.A.,N.A.,N.A.,N.A.,N.A.,N.A.,N.A.,N.A.,N.A.,0.0030718,0.0106267,0.9863013,0.0633717,N.A.,N.A.,0.014362,0.0418513,2185.3217,0.0181749,2255.132,N.A.,0.6055519,0.0045331,N.A.,N.A.,0.0048189,N.A.,N.A.,N.A.,0.1453191,0.0110618,N.A.,0.0074434,0.0487384,0.0090671,N.A.,N.A.,N.A.,N.A.,0.1014785,0.0619875,N.A.,N.A.,N.A.,0.2308671,0.0077544,11351.917
70.0,71.0,N.A.,N.A.,N.A.,N.A.,N.A.,N.A.,N.A.,N.A.,N.A.,0.007381,N.A.,0.0140508,0.0289161,0.9496519,0.0526752,N.A.,N.A.,0.0173457,0.0495506,2185.9043,0.0250389,2255.1252,N.A.,0.5964794,N.A.,N.A.,N.A.,N.A.,N.A.,N.A.,N.A.,0.1561262,0.0033546,N.A.,N.A.,0.0275199,0.0219415,N.A.,N.A.,N.A.,N.A.,0.1148267,0.0797515,N.A.,N.A.,N.A.,0.2279159,0.0084803,11355.636
71.0,72.0,N.A.,N.A.,N.A.,N.A.,N.A.,N.A.,N.A.,N.A.,N.A.,N.A.,N.A.,0.0065398,0.0069736,0.9864864,0.0576617,N.A.,N.A.,0.016292,0.0424981,2183.6159,0.0197937,2258.4362,N.A.,0.5787513,N.A.,N.A.,N.A.,N.A.,N.A.,N.A.,N.A.,0.2073587,0.0031746,0.0041076,0.0063252,0.0229388,0.0233774,N.A.,N.A.,N.A.,N.A.,0.083804,0.0701617,N.A.,N.A.,N.A.,0.2367779,0.005641,11405.92
72.0,73.0,N.A.,N.A.,N.A.,N.A.,N.A.,N.A.,N.A.,N.A.,N.A.,N.A.,N.A.,0.0086966,0.0074323,0.9838709,0.056116,N.A.,N.A.,0.0190172,0.0465187,2186.3542,0.0244785,2256.9023,N.A.,0.5963357,0.007157,N.A.,N.A.,N.A.,N.A.,N.A.,N.A.,0.1355968,N.A.,N.A.,0.0097715,0.0436164,0.036038,N.A.,N.A.,N.A.,N.A.,0.1045338,0.0669505,N.A.,N.A.,N.A.,0.2246464,0.0082099,11386.987
73.0,74.0,N.A.,N.A.,N.A.,N.A.,N.A.,N.A.,N.A.,N.A.,N.A.,N.A.,N.A.,N.A.,N.A.,1.0,0.0571818,N.A.,N.A.,0.016917,0.0428708,2185.3576,0.0204199,2255.1911,N.A.,0.6089239,N.A.,0.0022912,N.A.,N.A.,N.A.,N.A.,N.A.,0.1925228,N.A.,N.A.,N.A.,0.0100242,0.0036054,N.A.,N.A.,N.A.,N.A.,0.1569134,0.0257187,N.A.,N.A.,N.A.,0.2278504,0.0075995,11378.026
74.0,75.0,N.A.,0.0105352,N.A.,N.A.,N.A.,N.A.,N.A.,N.A.,N.A.,N.A.,N.A.,0.0327868,0.0058581,0.9508196,0.0632583,0.0716313,913.83337,0.0181123,0.0413555,2186.7331,0.0182404,2256.8669,N.A.,0.5897833,0.007602,N.A.,N.A.,N.A.,N.A.,N.A.,N.A.,0.1590353,0.0020923,N.A.,N.A.,0.0064525,0.0071085,N.A.,N.A.,N.A.,N.A.,0.1372696,0.0906561,N.A.,N.A.,N.A.,0.224971,0.0095437,11377.18
75.0,76.0,N.A.,N.A.,N.A.,N.A.,N.A.,N.A.,N.A.,N.A.,N.A.,N.A.,N.A.,N.A.,N.A.,0.9999999,0.0633183,0.0423942,973.42163,0.0154566,0.0402628,2186.9521,0.0190528,2255.2116,N.A.,0.562614,N.A.,N.A.,N.A.,N.A.,N.A.,N.A.,N.A.,0.2413667,N.A.,N.A.,N.A.,0.0086638,0.0020643,N.A.,N.A.,N.A.,N.A.,0.1356581,0.0496327,N.A.,N.A.,N.A.,0.2387701,0.0051484,11402.188
76.0,77.0,N.A.,N.A.,N.A.,0.0047911,N.A.,N.A.,N.A.,N.A.,N.A.,N.A.,N.A.,0.0125,0.0077088,0.9749998999999999,0.0581337,0.0726643,961.09509,0.0163493,0.0409054,2182.7377,0.0193406,2257.4245,N.A.,0.57491,N.A.,N.A.,N.A.,N.A.,N.A.,N.A.,N.A.,0.2186276,0.0023478,0.0011898,0.0052564,0.0105502,0.0061784,N.A.,N.A.,N.A.,N.A.,0.1296314,0.051308,N.A.,N.A.,N.A.,0.2361145,0.007231,11408.802
77.0,78.0,N.A.,N.A.,N.A.,0.0140845,N.A.,N.A.,N.A.,N.A.,N.A.,0.0029674,N.A.,0.0252015,N.A.,0.9577465,0.0584322,0.0600492,974.94921,0.0162189,0.0410321,2186.7387,0.0219534,2256.3496,N.A.,0.5569089,N.A.,0.0094703,N.A.,0.003083,N.A.,N.A.,N.A.,0.1374536,0.0027115,N.A.,N.A.,0.0061986,0.054498,N.A.,N.A.,N.A.,N.A.,0.1244437,0.105232,N.A.,N.A.,N.A.,0.2181146,0.0069881,11382.09
78.0,79.0,N.A.,0.0060578,N.A.,N.A.,N.A.,N.A.,N.A.,N.A.,N.A.,N.A.,N.A.,0.0534768,0.0041842,0.936281,0.070221,0.0922622,880.08953,0.0139605,0.0396256,2182.7768,0.0185275,2257.1799,N.A.,0.5079326,0.00178,N.A.,N.A.,0.0019645,N.A.,N.A.,N.A.,0.1871448,N.A.,N.A.,0.004653,0.0024791,0.0181307,N.A.,N.A.,N.A.,N.A.,0.1773212,0.0985938,N.A.,N.A.,N.A.,0.208614,0.0181998,11367.306
79.0,80.0,N.A.,N.A.,0.0068891,N.A.,N.A.,N.A.,N.A.,N.A.,N.A.,N.A.,N.A.,0.0028287,0.0027821,0.9875,0.0591449,N.A.,N.A.,0.0155454,0.0413642,2184.0974,0.0215748,2256.7285,N.A.,0.5449386,N.A.,N.A.,N.A.,0.0016815,N.A.,N.A.,N.A.,0.2315185,0.0012431,0.009382,N.A.,0.0134766,0.036273,N.A.,N.A.,N.A.,N.A.,0.0458917,0.1155945,N.A.,N.A.,N.A.,0.2356682,0.0054279,11414.863
80.0,81.0,N.A.,N.A.,N.A.,N.A.,N.A.,N.A.,N.A.,N.A.,N.A.,N.A.,N.A.,N.A.,N.A.,1.0,0.066009,0.05883,918.5946,0.0148888,0.0390354,2182.0983,0.0209264,2255.757,N.A.,0.5235666,N.A.,N.A.,N.A.,0.0076758,N.A.,N.A.,N.A.,0.2692588,N.A.,0.0062425,0.0028852,0.0081438,0.0528538,N.A.,N.A.,N.A.,N.A.,0.0622495,0.0671235,N.A.,N.A.,N.A.,0.2298222,0.0041423,11437.962
81.0,82.0,N.A.,N.A.,N.A.,N.A.,N.A.,N.A.,N.A.,N.A.,N.A.,N.A.,N.A.,N.A.,N.A.,1.0,0.0579232,N.A.,N.A.,0.0160075,0.0429022,2187.4177,0.021701,2257.1359,N.A.,0.5685992,N.A.,0.0092128,N.A.,N.A.,N.A.,N.A.,N.A.,0.2299604,N.A.,0.0052302,N.A.,0.0037916,0.0831744,N.A.,N.A.,N.A.,N.A.,0.0373742,0.0626568,N.A.,N.A.,N.A.,0.2251434,0.004152,11423.118
82.0,83.0,N.A.,N.A.,N.A.,N.A.,N.A.,N.A.,N.A.,N.A.,N.A.,N.A.,N.A.,N.A.,N.A.,1.0,0.0619672,N.A.,N.A.,0.0165243,0.040301,2179.8488,0.0217042,2254.1096,N.A.,0.5684629,N.A.,N.A.,N.A.,N.A.,N.A.,N.A.,N.A.,0.2117124,N.A.,N.A.,0.0014422,0.007053,0.0782275,N.A.,N.A.,N.A.,N.A.,0.0687298,0.0643719,N.A.,N.A.,N.A.,0.2336475,0.0043984,11432.088
83.0,84.0,N.A.,N.A.,N.A.,N.A.,N.A.,N.A.,N.A.,N.A.,N.A.,N.A.,N.A.,N.A.,N.A.,1.0,0.0595463,N.A.,N.A.,0.0160332,0.0396106,2185.2592,0.0206454,2257.2346,N.A.,0.5493153,N.A.,N.A.,N.A.,N.A.,N.A.,N.A.,N.A.,0.233141,N.A.,0.0127969,0.0038901,0.0062075,0.0698279,N.A.,0.0019875,N.A.,N.A.,0.0399804,0.0828529,N.A.,N.A.,N.A.,0.2303507,0.0032885,11434.092
84.0,85.0,0.0149554,N.A.,N.A.,N.A.,N.A.,N.A.,N.A.,N.A.,N.A.,N.A.,N.A.,0.0631695,N.A.,0.921875,0.0584579,N.A.,N.A.,0.0165675,0.0480574,2181.9689,0.0282084,2257.0095,N.A.,0.5610294,N.A.,N.A.,N.A.,0.0043431,N.A.,N.A.,N.A.,0.1981028,0.0043217,0.0428721,0.0029291,0.0057011,0.0262922,N.A.,0.0020743,N.A.,N.A.,0.0861956,0.0661382,N.A.,N.A.,N.A.,0.2143288,0.0133864,11411.426
85.0,86.0,N.A.,N.A.,N.A.,N.A.,N.A.,N.A.,N.A.,N.A.,N.A.,N.A.,N.A.,N.A.,N.A.,0.9999998999999999,0.0650799,N.A.,N.A.,0.0139597,0.0437044,2187.9404,0.0214448,2256.1008,N.A.,0.5825911,0.0037039,0.0040002,N.A.,0.0159074,N.A.,N.A.,N.A.,0.178498,N.A.,0.0022545,0.0048392,0.0082195,0.0395606,N.A.,N.A.,0.0080615,N.A.,0.0858086,0.066555,N.A.,N.A.,N.A.,0.2241037,0.0071093,11441.328
86.0,87.0,N.A.,N.A.,N.A.,N.A.,N.A.,N.A.,N.A.,N.A.,N.A.,N.A.,N.A.,N.A.,N.A.,1.0,0.0617215,N.A.,N.A.,0.0141887,0.0449404,2186.4077,0.0225697,2255.1743,N.A.,0.5588716,N.A.,N.A.,N.A.,N.A.,N.A.,N.A.,N.A.,0.2361441,N.A.,0.013248,0.0033703,0.015804,0.0456241,N.A.,N.A.,N.A.,N.A.,0.0595989,0.0673386,N.A.,N.A.,N.A.,0.2250832,0.0050744,11430.578
87.0,88.0,N.A.,N.A.,N.A.,N.A.,N.A.,N.A.,N.A.,N.A.,N.A.,N.A.,N.A.,N.A.,0.0103092,0.9896907,0.070618,N.A.,N.A.,0.0117621,0.0390901,2185.194,0.0215757,2255.6372,N.A.,0.579627,0.0044636,N.A.,N.A.,0.0187394,N.A.,N.A.,N.A.,0.1862753,N.A.,N.A.,0.0162649,0.0054574,0.0520168,N.A.,N.A.,N.A.,N.A.,0.0767232,0.0604321,N.A.,N.A.,N.A.,0.2281453,0.0045316,11416.654
88.0,89.0,N.A.,N.A.,N.A.,N.A.,N.A.,N.A.,N.A.,N.A.,N.A.,N.A.,N.A.,N.A.,N.A.,1.0,0.0608239,0.0767462,976.91668,0.0145422,0.0468029,2184.4755,0.0226949,2255.0031,N.A.,0.570414,N.A.,0.0013483,N.A.,N.A.,N.A.,N.A.,N.A.,0.2249141,0.002195,N.A.,N.A.,0.0181932,0.0266368,N.A.,N.A.,N.A.,N.A.,0.0581269,0.0981712,N.A.,N.A.,N.A.,0.2201365,0.0047522,11408.684
89.0,90.0,N.A.,0.0067746,N.A.,N.A.,0.020297,0.0057147,N.A.,N.A.,N.A.,N.A.,0.008855,0.0116917,N.A.,0.9466666,0.0590956,0.0360412,909.70025,0.0147443,0.0494783,2181.6794,0.023594,2256.781,N.A.,0.5835066,0.0031032,0.0066402,N.A.,N.A.,N.A.,N.A.,N.A.,0.1927429,0.0069517,N.A.,0.0032333,0.023647,0.0180931,N.A.,N.A.,N.A.,N.A.,0.1056541,0.0564274,N.A.,N.A.,N.A.,0.2178771,0.0066313,11392.356
90.0,91.0,0.0049869,0.0493289,0.0102762,0.0029796,0.0069344,N.A.,N.A.,N.A.,N.A.,0.0061455,N.A.,0.0509271,N.A.,0.868421,0.0662181,0.0505641,943.54138,0.0185116,0.0508916,2183.9187,0.0228386,2254.7116,N.A.,0.5759455,0.0192884,0.0018978,N.A.,0.0119748,N.A.,N.A.,0.0174208,0.1384035,0.0224688,0.0019055,0.0046357,0.0288894,0.0248857,N.A.,N.A.,0.003715,N.A.,0.0837152,0.0648533,N.A.,N.A.,N.A.,0.214136,0.0062676,11377.95
91.0,92.0,0.0099999,0.2288863,N.A.,0.0026413,0.001899,0.0061765,N.A.,N.A.,N.A.,0.0027066,N.A.,0.1455704,N.A.,0.6021196,0.0757464,0.0612181,944.69494,0.0252495,0.0706494,2185.2507,0.0215983,2257.8066,N.A.,0.4496693,0.0411113,0.0015451,N.A.,0.0073708,N.A.,N.A.,0.0434567,0.1832191,0.0941272,0.0102664,0.0024555,0.0219717,0.0387987,N.A.,N.A.,N.A.,N.A.,0.0895956,0.016412,N.A.,N.A.,N.A.,0.1809819,0.0107085,11321.457
92.0,93.0,N.A.,0.1368162,N.A.,N.A.,0.0389247,0.0081786,N.A.,0.0020161,N.A.,N.A.,N.A.,0.1098593,0.0027245,0.7014800999999999,0.0801002,0.0414693,902.76635,0.0192507,0.0639315,2186.8552,0.0240022,2256.2829,N.A.,0.3547705,0.0808176,N.A.,N.A.,0.0278383,N.A.,N.A.,0.0298313,0.2701919,0.0578399,0.0194417,0.0242053,0.0188212,0.0335268,0.0008763,N.A.,N.A.,N.A.,0.0628032,0.0179902,N.A.,0.0010451,N.A.,0.1829178,0.0100696,11399.93
93.0,94.0,N.A.,0.0237116,N.A.,N.A.,N.A.,0.0023782,N.A.,N.A.,N.A.,N.A.,N.A.,0.0246361,N.A.,0.9492739,0.103139,0.0969625,933.56604,0.0125202,0.0366399,2186.6232,0.0178676,2255.6423,N.A.,0.7267929,0.0058661,N.A.,N.A.,0.0051811,N.A.,N.A.,N.A.,0.1088879,0.0047029,0.0040088,0.0038528,0.0220622,0.0166453,N.A.,N.A.,N.A.,N.A.,0.0524301,0.0495692,N.A.,N.A.,N.A.,0.2152641,0.0063663,11317.545
94.0,95.0,N.A.,0.001943,N.A.,N.A.,N.A.,N.A.,N.A.,0.0045558,N.A.,0.0046184,N.A.,0.0714514,N.A.,0.9174311,0.1139929,0.0211522,N.A.,0.0152096,0.0349518,2186.2177,0.0157184,2257.1301,N.A.,0.7969973,0.0016289,N.A.,N.A.,0.0019814,N.A.,N.A.,0.0204676,0.0364247,0.0027693,N.A.,N.A.,0.0099832,0.0164702,0.0014813,N.A.,N.A.,N.A.,0.06917,0.0426255,N.A.,N.A.,N.A.,0.2217153,0.0110611,11314.866
95.0,96.0,0.0063276,0.0361282,N.A.,N.A.,N.A.,N.A.,N.A.,N.A.,N.A.,0.003102,N.A.,0.043738,0.0093234,0.9013806,0.0950213,0.0368471,882.9143,0.0203446,0.040163,2189.4233,0.0167453,2257.705,N.A.,0.9108036,N.A.,N.A.,N.A.,N.A.,N.A.,N.A.,N.A.,0.0065203,0.003106,N.A.,N.A.,N.A.,N.A.,N.A.,N.A.,N.A.,N.A.,0.0791018,0.000468,N.A.,N.A.,N.A.,0.2184653,0.0120124,11280.323
96.0,97.0,N.A.,0.0150815,N.A.,N.A.,N.A.,N.A.,N.A.,N.A.,N.A.,0.0062027,N.A.,0.0810059,N.A.,0.8977096,0.0919981,0.1322516,946.9071,0.0184111,0.0389623,2188.0192,0.0180689,2256.8881,N.A.,0.8567789,N.A.,N.A.,N.A.,N.A.,N.A.,N.A.,N.A.,0.0219403,0.0098222,0.0038908,0.0026679,N.A.,N.A.,N.A.,N.A.,N.A.,N.A.,0.0957175,0.0075893,0.0015926,N.A.,N.A.,0.2190963,0.0176372,11282.024
97.0,98.0,N.A.,0.0026765,N.A.,N.A.,N.A.,N.A.,N.A.,N.A.,N.A.,N.A.,N.A.,0.0193014,N.A.,0.9780219,0.0836835,N.A.,N.A.,0.0153887,0.0409118,2188.2771,0.0185319,2255.7463,N.A.,0.9148899,0.003294,0.0030217,N.A.,N.A.,N.A.,N.A.,N.A.,0.0069507,0.0126871,N.A.,N.A.,0.0091318,N.A.,N.A.,N.A.,N.A.,N.A.,0.0390823,0.010347,0.000595,N.A.,N.A.,0.2275151,0.0056717,11313.909
98.0,99.0,N.A.,N.A.,N.A.,N.A.,N.A.,N.A.,N.A.,N.A.,N.A.,N.A.,N.A.,0.0384615,N.A.,0.9615384,0.0639177,N.A.,N.A.,0.0162461,0.051359,2184.7529,0.0268369,2257.0957,N.A.,0.5918312,N.A.,N.A.,N.A.,N.A.,N.A.,N.A.,N.A.,0.1418536,0.0017388,N.A.,0.030875,0.0107198,0.153742,N.A.,N.A.,N.A.,N.A.,0.0333949,0.0358443,N.A.,N.A.,N.A.,0.2209559,0.0076503,11445.809
99.0,100.0,0.0082343,N.A.,N.A.,N.A.,N.A.,N.A.,N.A.,N.A.,N.A.,N.A.,N.A.,0.0091016,N.A.,0.9826638999999999,0.064882,N.A.,N.A.,0.0135127,0.0446498,2186.2458,0.0245293,2255.8925,N.A.,0.6081472,N.A.,N.A.,N.A.,0.012326,N.A.,N.A.,0.0036315,0.1303295,0.0033069,0.0071352,0.0027982,0.0491779,0.0742691,N.A.,N.A.,N.A.,N.A.,0.0777177,0.0311603,N.A.,N.A.,N.A.,0.2225754,0.0045489,11392.765
100.0,101.0,N.A.,0.0132965,N.A.,N.A.,0.0133377,N.A.,0.0117003,N.A.,N.A.,N.A.,N.A.,0.1133016,N.A.,0.8483634999999999,0.0742423,0.1296891,942.6062,0.0190906,0.051128,2183.854,0.024863,2255.0459,N.A.,0.6679207,0.0024048,N.A.,N.A.,0.0141948,N.A.,N.A.,N.A.,0.0734123,0.0022294,N.A.,0.0222157,0.0151801,0.0589598,N.A.,0.0090584,0.0047641,N.A.,0.1055772,0.024082,N.A.,N.A.,N.A.,0.2218079,0.0140749,11363.759
101.0,102.0,N.A.,0.1122952,N.A.,0.0029878,N.A.,N.A.,N.A.,N.A.,N.A.,N.A.,N.A.,0.2102983,N.A.,0.6744186,0.1070748,0.043152,968.22491,0.0355864,0.0501643,2189.8469,0.0143272,2257.1892,N.A.,0.8788844,N.A.,0.0106021,N.A.,N.A.,N.A.,N.A.,N.A.,0.0014194,0.0012713,N.A.,N.A.,0.001482,N.A.,N.A.,N.A.,N.A.,N.A.,0.0909556,0.0153849,N.A.,N.A.,N.A.,0.2292336,0.0123495,11297.345
102.0,103.0,N.A.,0.3718981,N.A.,0.0048591,0.0121397,0.0084856,N.A.,N.A.,N.A.,N.A.,0.0031688,0.0707129,N.A.,0.5287356,0.1073868,0.0290072,931.71417,0.0303638,0.1167904,2191.1418,0.0173406,2256.3193,N.A.,0.8400299,0.0030856,N.A.,N.A.,0.0026459,N.A.,N.A.,N.A.,0.0576044,0.0235551,0.0015574,0.0066538,0.0006254,N.A.,N.A.,N.A.,N.A.,N.A.,0.0605781,N.A.,0.0036639,N.A.,N.A.,0.2333597,0.0076738,11310.762
103.0,104.0,N.A.,0.1716179,N.A.,0.0136408,N.A.,N.A.,N.A.,N.A.,N.A.,0.0056065,0.0160097,0.0700185,N.A.,0.7231063000000001,0.0904758,N.A.,N.A.,0.016942,0.0765482,2192.7541,0.0167979,2255.9067,N.A.,0.866033,N.A.,0.0005624,N.A.,N.A.,N.A.,N.A.,N.A.,0.010381,0.0107469,0.0002342,N.A.,0.0043423,N.A.,N.A.,N.A.,N.A.,N.A.,0.0717757,0.0359241,N.A.,N.A.,N.A.,0.2380354,0.0082238,11310.517
104.0,105.0,0.0064967,0.0793605,N.A.,0.0044541,N.A.,N.A.,N.A.,N.A.,N.A.,N.A.,N.A.,0.045288,0.0087304,0.85567,0.077413,N.A.,N.A.,0.0140449,0.0739415,2191.7116,0.0209065,2257.3637,N.A.,0.8233354,0.003539,N.A.,N.A.,0.0026867,N.A.,N.A.,N.A.,0.0231774,0.0035152,0.0006063,0.0013013,0.0202435,0.0088515,N.A.,0.0107821,0.0087406,N.A.,0.0711927,0.0220276,N.A.,N.A.,N.A.,0.2326713,0.0109276,11304.534
105.0,106.0,N.A.,N.A.,N.A.,N.A.,N.A.,N.A.,0.0119202,N.A.,N.A.,N.A.,N.A.,N.A.,N.A.,0.9880797,0.0529944,N.A.,N.A.,0.0191666,0.054193,2184.2563,0.0284248,2256.0481,N.A.,0.561112,0.0062345,N.A.,N.A.,N.A.,N.A.,N.A.,N.A.,0.2214253,N.A.,0.0132143,0.002797,N.A.,0.0954195,N.A.,0.0035884,N.A.,N.A.,0.025842,0.0703666,N.A.,N.A.,N.A.,0.2377197,0.0042446,11440.124
106.0,107.0,N.A.,N.A.,N.A.,N.A.,N.A.,N.A.,N.A.,N.A.,N.A.,0.0226492,N.A.,0.1061902,0.0280232,0.8431372,0.0549679,0.0511955,961.69067,0.018941,0.0523703,2179.5507,0.0252184,2255.926,N.A.,0.5104668,0.0470236,N.A.,N.A.,0.0170216,N.A.,N.A.,0.0112248,0.10269,N.A.,0.0025268,0.0082757,0.0048765,0.1122916,N.A.,0.019992,0.0062312,N.A.,0.1240114,0.0292273,N.A.,0.0041399,N.A.,0.2002542,0.0122144,11422.047
107.0,108.0,N.A.,N.A.,N.A.,N.A.,N.A.,N.A.,N.A.,N.A.,N.A.,N.A.,N.A.,N.A.,N.A.,1.0,0.0552975,N.A.,N.A.,0.0154992,0.0508339,2185.4218,0.0303863,2254.1381,N.A.,0.5326613,0.0303472,N.A.,N.A.,0.0236047,N.A.,N.A.,N.A.,0.1493574,0.0035662,N.A.,0.0101059,N.A.,0.1567132,N.A.,0.0074585,0.0185279,N.A.,0.0268608,0.0407963,N.A.,N.A.,N.A.,0.2318691,0.0058944,11465.372
108.0,109.0,N.A.,N.A.,N.A.,N.A.,N.A.,N.A.,N.A.,N.A.,N.A.,N.A.,N.A.,0.0153581,0.0177171,0.9669245999999999,0.0594536,N.A.,N.A.,0.0171724,0.0503785,2180.3427,0.0243253,2256.8093,N.A.,0.6187312,0.003292,0.0022698,N.A.,N.A.,N.A.,N.A.,N.A.,0.1332618,N.A.,N.A.,N.A.,0.0112672,0.079009,N.A.,N.A.,0.0157764,N.A.,0.0912587,0.0451335,N.A.,N.A.,N.A.,0.2273726,0.0056615,11417.195
109.0,110.0,N.A.,0.0217391,N.A.,N.A.,0.0117489,N.A.,N.A.,N.A.,N.A.,N.A.,N.A.,N.A.,0.0099902,0.9565217,0.0557057,N.A.,N.A.,0.0168956,0.0515324,2184.6528,0.0276536,2253.9904,N.A.,0.6008075,0.0096842,N.A.,N.A.,N.A.,N.A.,N.A.,N.A.,0.1854093,0.0028626,N.A.,0.0038609,0.0130009,0.006706,N.A.,N.A.,0.0026106,N.A.,0.1461525,0.0289049,N.A.,N.A.,N.A.,0.2241721,0.0073904,11390.791
110.0,111.0,N.A.,N.A.,N.A.,N.A.,N.A.,N.A.,N.A.,N.A.,N.A.,N.A.,N.A.,N.A.,N.A.,0.9999999,0.0617794,0.0277683,919.34631,0.0161289,0.0452912,2186.3127,0.0242629,2255.685,N.A.,0.6107099,0.0015612,0.0049517,N.A.,N.A.,N.A.,N.A.,N.A.,0.1863999,N.A.,0.00236,0.0438494,0.0015567,0.0160502,N.A.,N.A.,0.002781,N.A.,0.0962409,0.0325213,N.A.,0.0010173,N.A.,0.2194261,0.0059086,11425.298
111.0,112.0,N.A.,0.0812898,0.0138374,0.0247526,0.0030707,0.0133449,N.A.,N.A.,N.A.,0.0084819,0.0118313,0.3071612,0.0028965,0.5333333,0.0703014,0.0723934,956.29064,0.0235049,0.0573475,2181.7414,0.0244109,2256.1147,N.A.,0.4849576,0.015183,0.0014695,N.A.,0.0051738,N.A.,N.A.,0.0084389,0.1675551,0.0408104,N.A.,0.0038811,0.0094072,0.0389352,N.A.,0.0062764,N.A.,N.A.,0.1702355,0.0476758,N.A.,N.A.,N.A.,0.1932058,0.0216948,11367.628
112.0,113.0,0.0159411,0.1930577,0.0089394,0.0044761,N.A.,N.A.,N.A.,N.A.,N.A.,N.A.,0.0071373,0.1142263,N.A.,0.6562218,0.0701236,N.A.,N.A.,0.0209965,0.0683738,2185.7312,0.0228783,2256.019,N.A.,0.4955622,0.0151954,0.0102765,N.A.,N.A.,N.A.,N.A.,N.A.,0.1617606,0.0591267,0.0021548,N.A.,N.A.,0.0431245,N.A.,N.A.,N.A.,N.A.,0.1711583,0.0416405,N.A.,N.A.,N.A.,0.1920096,0.0180408,11377.633
113.0,114.0,0.0047624,0.0990074,N.A.,0.0029855,N.A.,N.A.,N.A.,N.A.,N.A.,0.0032955,N.A.,0.0958313,N.A.,0.7941176,0.0592247,0.0665849,926.73962,0.0195474,0.0638969,2184.4975,0.0278965,2255.8759,N.A.,0.5392345,N.A.,N.A.,N.A.,0.0011467,N.A.,N.A.,0.0086101,0.1918528,0.0234793,0.0018195,N.A.,0.0095056,0.0602962,0.0051429,N.A.,0.0036296,N.A.,0.1190494,0.036233,N.A.,N.A.,N.A.,0.2058641,0.0096437,11396.563
114.0,115.0,N.A.,N.A.,N.A.,N.A.,N.A.,N.A.,N.A.,N.A.,N.A.,N.A.,N.A.,N.A.,N.A.,1.0,0.0539759,N.A.,N.A.,0.0169473,0.0482941,2183.5168,0.0282524,2256.385,N.A.,0.5208564,N.A.,N.A.,N.A.,0.0241862,N.A.,N.A.,N.A.,0.1982404,N.A.,N.A.,N.A.,N.A.,0.1618949,N.A.,N.A.,N.A.,N.A.,0.0377491,0.0570728,N.A.,N.A.,N.A.,0.2245922,0.0044947,11454.61
115.0,116.0,N.A.,N.A.,N.A.,N.A.,N.A.,N.A.,N.A.,N.A.,N.A.,N.A.,N.A.,0.0285714,N.A.,0.9714285,0.053027,N.A.,N.A.,0.0159792,0.0531993,2179.5312,0.027643,2255.4401,N.A.,0.5935933,N.A.,N.A.,N.A.,0.0029874,N.A.,N.A.,N.A.,0.1733696,N.A.,0.0030437,0.0013738,N.A.,0.0886304,N.A.,N.A.,N.A.,N.A.,0.1062862,0.0307152,N.A.,N.A.,N.A.,0.223954,0.0083683,11428.935
116.0,117.0,N.A.,N.A.,N.A.,N.A.,N.A.,N.A.,N.A.,N.A.,N.A.,N.A.,N.A.,N.A.,N.A.,1.0,0.0477788,N.A.,N.A.,0.018628,0.0578834,2181.7817,0.0308462,2255.9846,N.A.,0.5335466,N.A.,N.A.,N.A.,0.0197902,N.A.,N.A.,N.A.,0.1663054,0.0026757,0.0090166,N.A.,N.A.,0.1342549,N.A.,N.A.,N.A.,N.A.,0.0385772,0.0958329,N.A.,N.A.,N.A.,0.218904,0.0029408,11460.038
117.0,118.0,N.A.,N.A.,N.A.,N.A.,N.A.,N.A.,N.A.,N.A.,N.A.,N.A.,N.A.,0.0094506,N.A.,0.9905493,0.05649,N.A.,N.A.,0.0167311,0.0488894,2183.6672,0.0274543,2256.8549,N.A.,0.63039,N.A.,N.A.,N.A.,N.A.,N.A.,N.A.,N.A.,0.1123715,N.A.,0.0022897,0.0209692,N.A.,0.149777,N.A.,N.A.,N.A.,N.A.,0.0571991,0.0270032,N.A.,N.A.,N.A.,0.2300065,0.004719,11444.017
118.0,119.0,N.A.,N.A.,N.A.,N.A.,N.A.,N.A.,N.A.,N.A.,N.A.,N.A.,N.A.,0.0176602,N.A.,0.9823396,0.0527708,N.A.,N.A.,0.0188327,0.0529403,2181.2558,0.028474,2256.4033,N.A.,0.5858645,N.A.,0.0048234,N.A.,0.00177,N.A.,N.A.,N.A.,0.1379297,N.A.,0.0090698,0.0344501,0.002181,0.1388164,N.A.,0.0022305,0.0029607,N.A.,0.0590888,0.0208146,N.A.,N.A.,N.A.,0.2250062,0.0051999,11458.956
119.0,120.0,N.A.,0.0072209,N.A.,N.A.,0.0071928,N.A.,N.A.,N.A.,N.A.,0.0018305,0.0016407,0.0447077,N.A.,0.9374071,0.0641708,0.0361445,941.971,0.0172765,0.0430485,2187.1508,0.0230721,2257.134,N.A.,0.613878,0.0091757,N.A.,N.A.,N.A.,N.A.,N.A.,N.A.,0.0697058,0.0355092,0.0117404,0.0177468,0.0248616,0.0467999,N.A.,N.A.,N.A.,N.A.,0.1019005,0.0686816,N.A.,N.A.,N.A.,0.2106591,0.0099847,11370.129
120.0,121.0,0.0089213,0.0440959,N.A.,0.0017464,0.0202691,N.A.,N.A.,N.A.,N.A.,N.A.,N.A.,0.0138559,N.A.,0.9111111,0.0593401,0.0074226,N.A.,0.019117,0.0584197,2182.9436,0.026011,2255.8703,N.A.,0.3383737,0.0191265,0.0014519,N.A.,0.0152386,N.A.,N.A.,0.0321356,0.1025681,0.2196682,0.0399492,0.0030497,0.0010817,0.1149985,0.0011511,N.A.,N.A.,N.A.,0.0441868,0.0642573,N.A.,0.0027623,N.A.,0.1719576,0.0052164,11426.544
121.0,122.0,N.A.,N.A.,N.A.,N.A.,N.A.,N.A.,N.A.,N.A.,N.A.,N.A.,N.A.,0.0117094,N.A.,0.9882904,0.0618025,0.0349231,961.23199,0.0151641,0.044143,2185.7658,0.0237399,2255.9987,N.A.,0.5699519,N.A.,N.A.,N.A.,N.A.,N.A.,N.A.,N.A.,0.133309,N.A.,N.A.,N.A.,N.A.,0.1226866,N.A.,N.A.,N.A.,N.A.,0.0770707,0.0969815,N.A.,N.A.,N.A.,0.2247543,0.0046843,11406.304
122.0,123.0,N.A.,0.009661,N.A.,N.A.,N.A.,N.A.,N.A.,N.A.,N.A.,N.A.,N.A.,0.0018331,N.A.,0.9885057,0.0595147,N.A.,N.A.,0.0165843,0.0505917,2187.5627,0.0250418,2255.5578,N.A.,0.5402038,0.0050087,N.A.,N.A.,N.A.,N.A.,N.A.,N.A.,0.1668859,0.0335005,0.0104202,0.0017416,0.0152038,0.0590141,N.A.,N.A.,N.A.,N.A.,0.1009892,0.0670317,N.A.,N.A.,N.A.,0.2151042,0.0042575,11399.847
123.0,124.0,N.A.,N.A.,N.A.,N.A.,N.A.,N.A.,N.A.,N.A.,N.A.,N.A.,N.A.,N.A.,N.A.,1.0,0.0617817,0.0272135,926.1903,0.0165166,0.0450412,2184.8544,0.0245465,2255.977,N.A.,0.5327525,0.0049068,0.0047981,N.A.,N.A.,N.A.,N.A.,0.0049433,0.1021557,0.0504098,0.0106804,0.0110848,0.0118503,0.0961788,N.A.,N.A.,0.0031814,N.A.,0.0833159,0.0837417,N.A.,N.A.,N.A.,0.2097112,0.004631,11421.785
124.0,125.0,N.A.,0.043569,N.A.,N.A.,N.A.,N.A.,N.A.,N.A.,N.A.,N.A.,N.A.,0.0524006,N.A.,0.9040301,0.0610779,0.0257109,942.54595,0.0165463,0.0537856,2185.0148,0.0239115,2256.1772,N.A.,0.4467495,0.0120848,N.A.,N.A.,N.A.,N.A.,N.A.,N.A.,0.0979539,0.1439742,0.0393829,0.0140939,0.0213639,0.0256998,N.A.,N.A.,N.A.,N.A.,0.1226984,0.0759983,N.A.,N.A.,N.A.,0.1892975,0.0063047,11384.922
125.0,126.0,N.A.,0.0725566,N.A.,N.A.,0.0057325,0.0054106,N.A.,N.A.,N.A.,0.0055905,N.A.,0.0748887,N.A.,0.8358209,0.0728827,0.0563117,926.93597,0.0166923,0.0534907,2186.6582,0.0214522,2255.3767,N.A.,0.530894,0.0012218,N.A.,N.A.,N.A.,N.A.,N.A.,N.A.,0.1400437,0.0023501,N.A.,0.006282,0.0275197,0.0077839,N.A.,N.A.,N.A.,N.A.,0.2533655,0.0305388,N.A.,N.A.,N.A.,0.1924156,0.0087912,11341.506
126.0,127.0,N.A.,0.0149108,N.A.,N.A.,N.A.,N.A.,N.A.,N.A.,N.A.,0.003214,N.A.,0.0893222,0.0064769,0.8860759,0.0629686,0.0495909,961.45855,0.0174997,0.0474724,2190.6328,0.0253679,2256.194,N.A.,0.6004138,N.A.,0.0021382,N.A.,N.A.,N.A.,N.A.,N.A.,0.1388908,0.0023431,N.A.,0.0170634,0.0196203,0.051016,N.A.,N.A.,N.A.,N.A.,0.1113428,0.0571711,N.A.,N.A.,N.A.,0.2193616,0.0101266,11376.932
127.0,128.0,N.A.,N.A.,N.A.,N.A.,N.A.,N.A.,N.A.,N.A.,N.A.,N.A.,N.A.,0.0065537,0.0066041,0.9868421,0.0583903,N.A.,N.A.,0.0151207,0.0450546,2183.9018,0.0240423,2255.6005,N.A.,0.5797419,N.A.,N.A.,N.A.,N.A.,N.A.,N.A.,N.A.,0.1966157,N.A.,0.0072297,0.0105003,0.0248736,0.0332516,N.A.,N.A.,N.A.,N.A.,0.1051869,0.0425999,N.A.,N.A.,N.A.,0.2200988,0.0056684,11415.389
128.0,129.0,N.A.,N.A.,N.A.,N.A.,N.A.,N.A.,N.A.,N.A.,N.A.,N.A.,N.A.,N.A.,N.A.,1.0,0.0554805,N.A.,N.A.,0.0155353,0.0496883,2184.3452,0.0262819,2255.7214,N.A.,0.5153848,0.0382451,0.0236535,N.A.,0.0261743,N.A.,N.A.,N.A.,0.1596796,N.A.,0.0027542,0.0073687,0.0510228,0.0541881,N.A.,0.0039239,N.A.,N.A.,0.0799236,0.0326452,N.A.,0.0050355,N.A.,0.1979866,0.0037321,11435.462
129.0,130.0,N.A.,N.A.,N.A.,0.0089459,N.A.,N.A.,N.A.,N.A.,N.A.,N.A.,N.A.,0.0033997,N.A.,0.9876541999999999,0.0673072,N.A.,N.A.,0.0131921,0.0419551,2181.4301,0.0231118,2255.7741,N.A.,0.5298546,N.A.,N.A.,N.A.,N.A.,N.A.,N.A.,N.A.,0.2519255,N.A.,0.0084442,0.0036873,0.0018243,0.084119,N.A.,N.A.,N.A.,N.A.,0.0783334,0.0418113,N.A.,N.A.,N.A.,0.2219919,0.0052167,11432.404
130.0,131.0,N.A.,N.A.,N.A.,N.A.,N.A.,N.A.,N.A.,N.A.,N.A.,N.A.,N.A.,0.0063985,0.0088072,0.9847941,0.0674811,N.A.,N.A.,0.0134272,0.043295,2188.3234,0.0233574,2255.2272,N.A.,0.5153645,N.A.,N.A.,N.A.,0.0156392,N.A.,N.A.,N.A.,0.2621474,N.A.,0.0075193,N.A.,0.007975,0.0592607,N.A.,N.A.,N.A.,N.A.,0.0914836,0.0406099,N.A.,N.A.,N.A.,0.216577,0.0033568,11445.767
131.0,132.0,N.A.,N.A.,N.A.,N.A.,N.A.,N.A.,N.A.,N.A.,N.A.,N.A.,N.A.,N.A.,N.A.,0.9999998999999999,0.0682098,N.A.,N.A.,0.0123869,0.0388887,2183.3034,0.0215919,2255.4726,N.A.,0.5240814,N.A.,N.A.,N.A.,0.0062896,N.A.,N.A.,N.A.,0.2813291,N.A.,0.0043287,0.0021352,0.0028958,0.0479502,N.A.,0.0050408,N.A.,N.A.,0.0802185,0.0457301,N.A.,N.A.,N.A.,0.2134443,0.0053611,11444.16
132.0,133.0,N.A.,N.A.,N.A.,N.A.,N.A.,N.A.,N.A.,N.A.,N.A.,N.A.,0.0115215,0.0344475,0.0088253,0.9452054,0.0584759,0.0371519,960.43579,0.0149209,0.0487624,2180.2717,0.0249086,2257.2238,N.A.,0.5365768,N.A.,N.A.,N.A.,N.A.,N.A.,N.A.,N.A.,0.2399934,N.A.,0.0092504,0.0046679,0.0206376,0.0114736,N.A.,0.0029241,N.A.,N.A.,0.1288504,0.0456252,N.A.,N.A.,N.A.,0.2073601,0.0095866,11393.448
133.0,134.0,N.A.,N.A.,N.A.,N.A.,N.A.,N.A.,N.A.,N.A.,N.A.,0.0097446,N.A.,0.0072131,0.0023035,0.9807386,0.0631104,N.A.,N.A.,0.0147751,0.0451924,2183.9167,0.0224529,2256.58,N.A.,0.5626432,0.00219,N.A.,N.A.,N.A.,N.A.,N.A.,N.A.,0.2565037,N.A.,N.A.,0.0067849,0.0118031,0.0480996,N.A.,N.A.,0.0024576,N.A.,0.10003,0.0094874,N.A.,N.A.,N.A.,0.2188852,0.0059348,11435.321
134.0,135.0,N.A.,0.0133851,N.A.,N.A.,N.A.,N.A.,N.A.,N.A.,N.A.,N.A.,N.A.,0.1141822,0.0043008,0.8681318,0.0774408,0.0811381,949.49975,0.0178029,0.0431625,2185.1147,0.018739,2258.4101,N.A.,0.5647885,N.A.,N.A.,N.A.,N.A.,N.A.,N.A.,N.A.,0.2256632,N.A.,0.0017125,0.0013186,0.0098673,0.0082973,N.A.,N.A.,N.A.,N.A.,0.1710245,0.0173277,N.A.,N.A.,N.A.,0.2130329,0.0125397,11399.077
135.0,136.0,N.A.,0.1610042,0.0099819,0.0207182,0.0086704,0.0033774,N.A.,N.A.,N.A.,N.A.,N.A.,0.1409773,N.A.,0.6552701,0.0697249,0.0366299,899.39575,0.021457,0.0674382,2187.9816,0.0239895,2258.072,N.A.,0.5632889,0.0086621,N.A.,N.A.,0.0062693,N.A.,N.A.,N.A.,0.2070618,0.0238523,0.0028869,0.0013573,0.0123412,0.0030613,N.A.,N.A.,N.A.,N.A.,0.1559136,0.0153047,N.A.,N.A.,N.A.,0.2094184,0.0163287,11349.131
136.0,137.0,N.A.,N.A.,N.A.,N.A.,N.A.,N.A.,N.A.,N.A.,N.A.,N.A.,N.A.,0.0287513,N.A.,0.9712485000000001,0.0591682,0.0383554,964.39599,0.0155242,0.0470491,2178.5573,0.0223018,2255.7304,N.A.,0.5500448,0.0034823,0.0012417,N.A.,0.0034348,N.A.,N.A.,0.0060697,0.2461612,N.A.,N.A.,N.A.,0.0184981,0.0062287,N.A.,N.A.,N.A.,N.A.,0.0998933,0.0649448,N.A.,N.A.,N.A.,0.2127295,0.004269,11400.047
137.0,138.0,N.A.,0.1780139,N.A.,0.002362,0.0049207,N.A.,N.A.,N.A.,N.A.,N.A.,N.A.,0.009031,0.0056721,0.8,0.0642747,0.020367,N.A.,0.0194555,0.0669163,2183.4455,0.0252142,2256.374,N.A.,0.5309509,0.0611891,N.A.,N.A.,0.0471417,N.A.,N.A.,0.0041958,0.1777616,0.0214231,0.0024196,0.0020437,0.0091534,0.012662,N.A.,0.0029593,N.A.,N.A.,0.1018046,0.0236003,N.A.,0.0026942,N.A.,0.2101692,0.0066141,11427.141
138.0,139.0,0.0024091,0.0398182,0.0036474,N.A.,N.A.,N.A.,N.A.,N.A.,N.A.,N.A.,0.0069387,0.061261,0.0109252,0.875,0.0642881,0.0437722,952.00158,0.017797,0.0619741,2187.5998,0.025185,2255.7959,N.A.,0.5980089,0.0098702,0.0061443,N.A.,N.A.,N.A.,N.A.,N.A.,0.1768049,0.0103371,N.A.,0.0010517,0.0021247,0.0051226,N.A.,N.A.,N.A.,N.A.,0.1550532,0.0354819,N.A.,N.A.,N.A.,0.2124313,0.0131396,11360.456
139.0,140.0,0.0105643,0.3031104,N.A.,0.0044973,0.0060567,0.0022471,N.A.,N.A.,N.A.,0.0045371,0.0021476,0.1094002,N.A.,0.5574389,0.0935667,0.0561855,933.52856,0.0264369,0.0996783,2188.5034,0.0234524,2257.1796,N.A.,0.6228144,0.0041217,0.0052618,N.A.,N.A.,N.A.,N.A.,0.0121705,0.0972012,0.0562941,0.0016093,N.A.,0.010282,0.006848,N.A.,N.A.,0.0018867,N.A.,0.1585369,0.0229729,N.A.,N.A.,N.A.,0.1924932,0.0159022,11323.992
140.0,141.0,0.0084293,0.0589347,N.A.,0.0102828,0.0018265,0.0056692,N.A.,N.A.,N.A.,N.A.,N.A.,0.1703308,N.A.,0.7445263,0.0871727,0.0904441,944.84765,0.0204043,0.0588617,2190.8168,0.0198995,2258.1298,N.A.,0.698932,N.A.,0.0013305,N.A.,N.A.,N.A.,N.A.,N.A.,0.0811761,0.0012062,N.A.,N.A.,0.0086485,N.A.,N.A.,N.A.,N.A.,N.A.,0.1830241,0.0256822,N.A.,N.A.,N.A.,0.2219204,0.019217,11320.436
141.0,142.0,N.A.,0.0454178,N.A.,N.A.,N.A.,N.A.,N.A.,N.A.,N.A.,N.A.,N.A.,0.0167855,N.A.,0.9377965,0.0685096,N.A.,N.A.,0.0145521,0.0630395,2190.6191,0.0215028,2256.1413,N.A.,0.7053632,N.A.,N.A.,N.A.,N.A.,N.A.,N.A.,N.A.,0.1228062,0.0006399,N.A.,0.003583,0.0237763,N.A.,N.A.,0.0058957,N.A.,N.A.,0.1007233,0.0372119,N.A.,N.A.,N.A.,0.2304433,0.0078731,11361.957
142.0,143.0,N.A.,0.0781902,N.A.,0.0075501,N.A.,N.A.,N.A.,N.A.,N.A.,N.A.,0.0114982,0.0172677,N.A.,0.8854934999999999,0.0709944,N.A.,N.A.,0.0148805,0.0862376,2194.0402,0.0214732,2256.1418,N.A.,0.8297758,N.A.,N.A.,N.A.,N.A.,N.A.,N.A.,N.A.,0.0265363,0.0260622,N.A.,N.A.,0.0413634,N.A.,N.A.,0.0014508,N.A.,N.A.,0.0583843,0.0164268,N.A.,N.A.,N.A.,0.2246166,0.0064678,11333.762
143.0,144.0,N.A.,0.237454,N.A.,0.0052851,0.0024556,0.005224,N.A.,N.A.,N.A.,0.0025345,0.0139225,0.0986204,N.A.,0.6345035000000001,0.0865276,0.0305875,924.18884,0.0218973,0.0902987,2190.6518,0.0178158,2257.5546,N.A.,0.7418822,0.00549,0.0163209,N.A.,N.A.,N.A.,N.A.,N.A.,0.1037394,0.0094108,N.A.,N.A.,0.0170273,0.001264,N.A.,0.0039595,N.A.,N.A.,0.0973,0.0036054,N.A.,N.A.,N.A.,0.228457,0.0116285,11331.768
144.0,145.0,N.A.,0.0327313,N.A.,0.0101417,N.A.,0.0039162,0.0035687,N.A.,N.A.,N.A.,0.0088722,0.0356822,0.006211,0.8988764,0.0713046,N.A.,N.A.,0.0184416,0.0617452,2194.8933,0.0199933,2256.3864,N.A.,0.8035233,N.A.,0.0261474,N.A.,N.A.,N.A.,N.A.,N.A.,0.0420862,0.0099974,0.0075629,0.003225,0.0117786,N.A.,N.A.,0.0123127,N.A.,N.A.,0.0818097,0.0015562,N.A.,N.A.,N.A.,0.2310155,0.0104767,11321.402
145.0,146.0,N.A.,0.014785,N.A.,N.A.,N.A.,N.A.,N.A.,N.A.,N.A.,0.0021756,0.0147194,0.0052149,0.0031048,0.9599998,0.0790174,N.A.,N.A.,0.0127034,0.0584341,2196.4043,0.0162958,2255.8129,N.A.,0.8220819,0.0023863,0.0317339,N.A.,N.A.,N.A.,N.A.,N.A.,0.0125874,0.0039356,N.A.,0.0013779,0.0492909,N.A.,N.A.,N.A.,N.A.,N.A.,0.0557197,0.0208859,N.A.,N.A.,N.A.,0.2272422,0.0093139,11304.141
146.0,147.0,N.A.,0.0343002,N.A.,N.A.,N.A.,N.A.,N.A.,N.A.,N.A.,0.0017157,0.0044264,0.0367256,0.007755,0.9150769,0.0815792,N.A.,N.A.,0.0134825,0.0480163,2191.9367,0.0151649,2255.4216,N.A.,0.7515878,0.0314567,0.1025724,N.A.,N.A.,N.A.,N.A.,N.A.,0.0133449,0.0006188,N.A.,N.A.,0.0019734,N.A.,N.A.,0.0004875,N.A.,N.A.,0.0965292,0.001429,N.A.,N.A.,N.A.,0.2248522,0.0157653,11289.311
147.0,148.0,N.A.,0.0306757,N.A.,0.0018607,0.004223,0.0020754,N.A.,N.A.,N.A.,N.A.,0.0086206,0.0418473,N.A.,0.9106969,0.0884629,N.A.,N.A.,0.0148934,0.0498264,2194.4174,0.0147695,2255.5212,N.A.,0.8049232,0.0078779,0.0699368,N.A.,N.A.,N.A.,N.A.,N.A.,0.019304,0.0016114,N.A.,0.0017427,0.0217712,N.A.,N.A.,N.A.,N.A.,N.A.,0.0625622,0.0102701,N.A.,N.A.,N.A.,0.2304008,0.0091986,11306.882
148.0,149.0,N.A.,0.111311,N.A.,N.A.,N.A.,N.A.,N.A.,N.A.,N.A.,0.0044852,0.0065599,0.0541143,N.A.,0.8235294,0.1166436,N.A.,N.A.,0.0172867,0.0505678,2193.7168,0.0122627,2257.6694,N.A.,0.8071627,0.0202172,0.0689853,N.A.,N.A.,N.A.,N.A.,N.A.,0.0224926,0.0018265,N.A.,0.0015659,0.0242294,0.0016036,N.A.,N.A.,N.A.,N.A.,0.0489625,0.0029538,N.A.,N.A.,N.A.,0.226497,0.0100964,11291.18
149.0,150.0,N.A.,0.1386036,N.A.,0.001827,N.A.,N.A.,N.A.,N.A.,N.A.,N.A.,N.A.,0.0531177,N.A.,0.8064516,0.1027692,N.A.,N.A.,0.0123187,0.0526563,2196.0517,0.0122097,2256.6318,N.A.,0.8392006,0.00355,0.0065391,N.A.,N.A.,N.A.,N.A.,N.A.,0.0155237,0.0102649,N.A.,N.A.,0.0693245,0.00513,N.A.,N.A.,N.A.,N.A.,0.0447822,0.0056844,N.A.,N.A.,N.A.,0.2152709,0.0078007,11298.84
150.0,151.0,N.A.,0.1567528,N.A.,N.A.,N.A.,N.A.,N.A.,N.A.,N.A.,N.A.,0.0038858,0.0314815,0.0021938,0.8056858,0.109015,N.A.,N.A.,0.0104217,0.0603682,2195.8317,0.0116748,2257.2365,N.A.,0.8000659,N.A.,N.A.,N.A.,N.A.,N.A.,N.A.,N.A.,0.040663,0.00988,N.A.,0.0019016,0.0462282,N.A.,N.A.,N.A.,N.A.,N.A.,0.0637224,0.0375384,N.A.,N.A.,N.A.,0.2243573,0.0067281,11320.183
151.0,152.0,N.A.,0.0332608,0.0091743,N.A.,N.A.,0.0017083,N.A.,N.A.,N.A.,N.A.,N.A.,0.1450506,0.0065645,0.8042412,0.1259671,N.A.,N.A.,0.0180658,0.0303697,2190.6413,0.010747,2257.3874,N.A.,0.7654231,0.0025355,0.1418835,N.A.,N.A.,N.A.,N.A.,N.A.,0.0053215,0.0023308,N.A.,0.0034874,0.003613,N.A.,N.A.,0.0015488,N.A.,N.A.,0.0631609,0.0106949,N.A.,N.A.,N.A.,0.2337798,0.0112715,11294.709
152.0,153.0,N.A.,0.0432051,N.A.,N.A.,N.A.,N.A.,N.A.,N.A.,N.A.,N.A.,N.A.,0.0393636,N.A.,0.9174311,0.1105857,N.A.,N.A.,0.0127486,0.0422291,2194.8999,0.011008,2255.4116,N.A.,0.7966199,0.0053887,0.0920144,N.A.,N.A.,N.A.,N.A.,N.A.,0.0206848,0.0013605,N.A.,0.0011473,0.012802,N.A.,N.A.,N.A.,N.A.,N.A.,0.0562815,0.0137005,N.A.,N.A.,N.A.,0.2300216,0.0104501,11299.384
153.0,154.0,0.0130632,0.0533553,N.A.,0.0024486,N.A.,N.A.,N.A.,N.A.,N.A.,0.010101,0.010101,0.0321428,N.A.,0.8787878,0.1047777,0.0428008,964.80786,0.0103798,0.044561,2196.4543,0.0113696,2257.5305,N.A.,0.8059855,0.0011314,0.0013812,N.A.,0.0042977,N.A.,N.A.,0.0007808,0.0215574,0.0058826,N.A.,0.0010431,0.0321551,N.A.,N.A.,N.A.,N.A.,N.A.,0.0816686,0.0441161,N.A.,N.A.,N.A.,0.2244361,0.0113581,11313.989
154.0,155.0,0.0066432,0.0134378,N.A.,N.A.,N.A.,N.A.,N.A.,N.A.,N.A.,N.A.,N.A.,0.0067045,N.A.,0.9732142,0.0912715,N.A.,N.A.,0.0101525,0.0346391,2190.9521,0.0137242,2256.4978,N.A.,0.6564431,N.A.,N.A.,N.A.,N.A.,N.A.,N.A.,0.0013981,0.1735122,0.0004753,N.A.,N.A.,N.A.,N.A.,N.A.,N.A.,N.A.,N.A.,0.1208745,0.0472965,N.A.,N.A.,N.A.,0.23621,0.0069665,11380.048
155.0,156.0,N.A.,0.1236067,N.A.,N.A.,0.0060388,N.A.,N.A.,N.A.,N.A.,N.A.,0.0061916,0.0619648,N.A.,0.8021978,0.1109733,N.A.,N.A.,0.0120059,0.0518421,2194.6501,0.0115382,2257.1604,N.A.,0.7046171,0.0014107,0.1169469,N.A.,N.A.,N.A.,N.A.,N.A.,0.091328,N.A.,N.A.,N.A.,0.0024984,N.A.,N.A.,0.006079,N.A.,N.A.,0.0734603,0.0036591,N.A.,N.A.,N.A.,0.2223833,0.0102343,11323.908
156.0,157.0,N.A.,0.0465729,N.A.,0.0016531,N.A.,N.A.,N.A.,N.A.,N.A.,0.0039846,N.A.,0.0343277,N.A.,0.9134615,0.1237064,N.A.,N.A.,0.009868,0.0368651,2195.9829,0.0100044,2255.7128,N.A.,0.8149353,N.A.,0.0532236,N.A.,N.A.,N.A.,N.A.,N.A.,0.0022918,0.0075933,N.A.,N.A.,0.0071058,N.A.,N.A.,0.0004373,N.A.,N.A.,0.1083041,0.0061082,N.A.,N.A.,N.A.,0.2231029,0.0187757,11288.91
157.0,158.0,N.A.,0.1025934,0.0099999,0.0033844,N.A.,N.A.,N.A.,0.0019155,N.A.,N.A.,N.A.,0.0698549,N.A.,0.8122516000000001,0.1169242,N.A.,N.A.,0.0103149,0.0470012,2196.7644,0.0091425,2257.5588,N.A.,0.7527212,0.0186911,0.0858888,N.A.,N.A.,N.A.,N.A.,N.A.,0.0308791,0.0042669,N.A.,N.A.,0.0304403,N.A.,N.A.,0.0054045,N.A.,N.A.,0.064554,0.0071536,N.A.,N.A.,N.A.,0.2162357,0.0111264,11309.509
158.0,159.0,N.A.,0.0722393,N.A.,N.A.,N.A.,N.A.,N.A.,N.A.,N.A.,0.0015083,N.A.,0.0155381,N.A.,0.9107142,0.1084397,N.A.,N.A.,0.0093072,0.0453766,2197.0842,0.0122522,2256.6152,N.A.,0.8018274,0.0020622,0.0576417,N.A.,N.A.,N.A.,N.A.,N.A.,0.0210978,0.0021648,N.A.,0.011148,0.0337168,N.A.,N.A.,N.A.,N.A.,N.A.,0.0407347,0.0296061,N.A.,N.A.,N.A.,0.2333353,0.0098681,11295.57
159.0,160.0,N.A.,0.0432554,N.A.,N.A.,N.A.,N.A.,N.A.,N.A.,N.A.,N.A.,N.A.,0.0129243,N.A.,0.9438202,0.0849066,0.0482052,897.67834,0.0113456,0.040013,2188.4973,0.0198068,2257.7646,N.A.,0.6003332,0.0008867,0.0012046,N.A.,N.A.,N.A.,N.A.,N.A.,0.231288,N.A.,0.0122887,N.A.,N.A.,N.A.,N.A.,0.0089017,N.A.,N.A.,0.1207777,0.0243191,N.A.,N.A.,N.A.,0.2423186,0.009823,11375.251
160.0,161.0,N.A.,N.A.,N.A.,N.A.,N.A.,N.A.,N.A.,N.A.,N.A.,N.A.,N.A.,N.A.,N.A.,1.0,0.0744892,N.A.,N.A.,0.0116879,0.0395767,2187.6447,0.0191414,2254.1171,N.A.,0.5198753,N.A.,N.A.,N.A.,N.A.,N.A.,N.A.,N.A.,0.326206,N.A.,N.A.,N.A.,N.A.,N.A.,N.A.,N.A.,N.A.,N.A.,0.1276835,0.026235,N.A.,N.A.,N.A.,0.2320247,0.0081022,11417.689
161.0,162.0,N.A.,N.A.,N.A.,N.A.,N.A.,N.A.,N.A.,N.A.,N.A.,N.A.,N.A.,N.A.,N.A.,1.0,0.075567,N.A.,N.A.,0.0114323,0.0397143,2182.7443,0.0204139,2255.5566,N.A.,0.5075087,N.A.,N.A.,N.A.,0.0031762,N.A.,N.A.,N.A.,0.3309977,N.A.,0.0024191,0.0012553,N.A.,0.0239578,N.A.,N.A.,N.A.,N.A.,0.1159899,0.014695,N.A.,N.A.,N.A.,0.2265108,0.0063161,11425.669
162.0,163.0,N.A.,N.A.,N.A.,N.A.,N.A.,N.A.,N.A.,N.A.,N.A.,N.A.,N.A.,0.0040813,0.0050929,0.9908256,0.074515,N.A.,N.A.,0.0114527,0.0384966,2183.7587,0.0196809,2255.2832,N.A.,0.52334,N.A.,N.A.,N.A.,0.0303625,N.A.,N.A.,N.A.,0.2995887,N.A.,0.0024246,N.A.,N.A.,0.0302009,N.A.,0.0019228,N.A.,N.A.,0.0917612,0.0203989,N.A.,N.A.,N.A.,0.2214289,0.0048965,11459.913
163.0,164.0,N.A.,N.A.,N.A.,N.A.,N.A.,N.A.,N.A.,N.A.,N.A.,N.A.,N.A.,0.0031154,0.0069855,0.9898989,0.0871864,N.A.,N.A.,0.0113667,0.0315576,2185.7028,0.0164769,2256.9509,N.A.,0.542491,N.A.,N.A.,N.A.,N.A.,N.A.,N.A.,N.A.,0.2796234,N.A.,N.A.,N.A.,0.0070308,N.A.,N.A.,0.0069502,N.A.,N.A.,0.134893,0.0290113,N.A.,N.A.,N.A.,0.2218824,0.0082141,11426.543
164.0,165.0,N.A.,N.A.,N.A.,N.A.,N.A.,N.A.,N.A.,N.A.,N.A.,N.A.,N.A.,0.0088457,0.0128933,0.9782607999999999,0.0677962,N.A.,N.A.,0.0125865,0.0437139,2183.8337,0.0209246,2256.2876,N.A.,0.5385634,N.A.,N.A.,N.A.,N.A.,N.A.,N.A.,N.A.,0.305123,N.A.,N.A.,N.A.,0.002046,0.003357,N.A.,0.002496,N.A.,N.A.,0.1040356,0.0443787,N.A.,N.A.,N.A.,0.2263296,0.0053567,11426.728
165.0,166.0,N.A.,0.0086261,N.A.,N.A.,N.A.,N.A.,N.A.,N.A.,N.A.,N.A.,N.A.,0.0070023,N.A.,0.9843714,0.0792297,N.A.,N.A.,0.0103836,0.0346034,2183.2807,0.0171594,2257.1269,N.A.,0.5666509,N.A.,N.A.,N.A.,N.A.,N.A.,N.A.,N.A.,0.28933,N.A.,N.A.,0.0014441,0.005956,N.A.,N.A.,0.0015595,N.A.,N.A.,0.1295162,0.005543,N.A.,N.A.,N.A.,0.2195525,0.0066036,11406.921
166.0,167.0,N.A.,N.A.,N.A.,N.A.,N.A.,N.A.,N.A.,N.A.,N.A.,N.A.,N.A.,N.A.,N.A.,0.9999999,0.0750763,N.A.,N.A.,0.0109838,0.0364772,2185.007,0.0199724,2253.322,N.A.,0.5185139,N.A.,N.A.,N.A.,N.A.,N.A.,N.A.,N.A.,0.2909634,N.A.,0.0222026,0.0034929,0.0019488,0.0634957,N.A.,0.0137669,N.A.,N.A.,0.0689396,0.0166758,N.A.,N.A.,N.A.,0.2136203,0.0054874,11443.341
167.0,168.0,N.A.,N.A.,N.A.,N.A.,N.A.,N.A.,N.A.,N.A.,N.A.,N.A.,N.A.,0.0092592,N.A.,0.9907407,0.0993661,N.A.,N.A.,0.0095818,0.0343296,2188.6494,0.0160066,2255.7741,N.A.,0.6510331,N.A.,N.A.,N.A.,N.A.,N.A.,N.A.,N.A.,0.2003075,0.0014915,N.A.,N.A.,0.0251793,0.0040583,N.A.,0.0008407,N.A.,N.A.,0.1019642,0.015125,N.A.,N.A.,N.A.,0.2205499,0.007119,11376.051
168.0,169.0,N.A.,N.A.,N.A.,0.0084033,N.A.,N.A.,N.A.,N.A.,N.A.,N.A.,N.A.,0.0022446,0.0061587,0.9831932,0.1029393,N.A.,N.A.,0.0093951,0.0328226,2187.4155,0.0143901,2256.3076,N.A.,0.8665548,N.A.,0.0032329,N.A.,N.A.,N.A.,N.A.,N.A.,0.0199753,0.0071353,N.A.,0.0091533,0.0134058,N.A.,N.A.,N.A.,N.A.,N.A.,0.0732337,0.0073085,N.A.,N.A.,N.A.,0.2405384,0.0107309,11303.355
169.0,170.0,N.A.,N.A.,N.A.,N.A.,N.A.,N.A.,N.A.,N.A.,N.A.,N.A.,N.A.,0.0086504,0.0048762,0.9864733,0.0951872,N.A.,N.A.,0.010777,0.0344112,2189.2485,0.0166517,2256.9646,N.A.,0.8345361,N.A.,0.0048078,N.A.,N.A.,N.A.,N.A.,N.A.,0.0461467,0.0160832,N.A.,N.A.,0.0383496,0.0011896,N.A.,N.A.,N.A.,N.A.,0.044325,0.0145615,N.A.,N.A.,N.A.,0.2325758,0.0059137,11326.732
170.0,171.0,N.A.,N.A.,N.A.,N.A.,N.A.,N.A.,N.A.,N.A.,N.A.,0.006314,N.A.,0.0025377,0.0214513,0.969697,0.0879209,N.A.,N.A.,0.0099107,0.0334795,2185.915,0.0157478,2256.8447,N.A.,0.6131941,N.A.,N.A.,N.A.,0.0066083,N.A.,N.A.,N.A.,0.2581192,N.A.,0.0018906,0.0065246,0.0051829,0.0099792,N.A.,0.0076543,0.0010063,N.A.,0.0661945,0.0236456,N.A.,N.A.,N.A.,0.2215099,0.0069758,11421.975
171.0,172.0,N.A.,0.0044924,N.A.,0.0074001,N.A.,N.A.,N.A.,N.A.,N.A.,0.0087719,N.A.,0.0048508,0.0183442,0.9561402000000001,0.083018,N.A.,N.A.,0.0105596,0.038433,2184.4624,0.0190797,2256.581,N.A.,0.6459882,N.A.,0.0121575,N.A.,N.A.,N.A.,N.A.,N.A.,0.1965962,N.A.,0.018836,0.004256,0.0070421,0.0102651,N.A.,0.0369638,N.A.,N.A.,0.0631288,0.0047656,N.A.,N.A.,N.A.,0.2249219,0.0094163,11405.122
172.0,173.0,N.A.,0.0252426,N.A.,0.0048466,N.A.,N.A.,0.0049588,N.A.,N.A.,N.A.,N.A.,0.0835958,N.A.,0.8813559,0.0989125,N.A.,N.A.,0.014398,0.0357028,2188.1408,0.014486,2256.111,N.A.,0.7727007,0.0009375,0.1447319,N.A.,N.A.,N.A.,N.A.,N.A.,0.0033444,0.0009644,N.A.,N.A.,0.0091555,0.0009203,N.A.,N.A.,N.A.,N.A.,0.0629489,0.0042961,N.A.,N.A.,N.A.,0.2313425,0.0128276,11302.153
173.0,174.0,N.A.,0.0529866,N.A.,N.A.,N.A.,N.A.,N.A.,N.A.,0.0036926,0.0037404,N.A.,0.1449373,N.A.,0.7946427,0.1042018,N.A.,N.A.,0.0162255,0.0361906,2188.2714,0.0152298,2257.5752,N.A.,0.7882419,0.0023298,0.1201877,N.A.,N.A.,N.A.,N.A.,N.A.,0.0054064,N.A.,N.A.,N.A.,0.0047142,N.A.,N.A.,0.0004751,N.A.,N.A.,0.077435,0.0012095,N.A.,N.A.,N.A.,0.2285953,0.0194328,11305.445
174.0,175.0,N.A.,0.0067724,N.A.,N.A.,N.A.,N.A.,N.A.,N.A.,N.A.,0.0021793,N.A.,0.0162583,0.0084033,0.9663865,0.0945887,N.A.,N.A.,0.0100995,0.0324505,2189.6755,0.0138142,2256.4567,N.A.,0.8090232,0.0047796,0.0872722,N.A.,N.A.,N.A.,N.A.,N.A.,0.0025442,N.A.,N.A.,0.0031523,0.0363496,N.A.,N.A.,N.A.,N.A.,N.A.,0.0414343,0.0154441,N.A.,N.A.,N.A.,0.2296661,0.0080196,11303.18
175.0,176.0,N.A.,0.0125749,0.0161152,0.0057705,N.A.,N.A.,N.A.,N.A.,N.A.,N.A.,N.A.,0.0067645,0.0030224,0.9557521,0.1032289,N.A.,N.A.,0.0092892,0.0354916,2192.8969,0.0115117,2257.1799,N.A.,0.8205272,N.A.,0.016637,N.A.,N.A.,N.A.,N.A.,N.A.,0.0289689,0.0038877,N.A.,0.0022072,0.05352,0.0015513,N.A.,N.A.,N.A.,N.A.,0.0329474,0.039753,N.A.,N.A.,N.A.,0.2261321,0.0063708,11314.444
176.0,177.0,N.A.,N.A.,N.A.,N.A.,N.A.,N.A.,N.A.,N.A.,N.A.,N.A.,N.A.,0.1379947,0.0116115,0.8503937,0.1167037,N.A.,N.A.,0.0200493,0.0301573,2190.1301,0.0112477,2257.5412,N.A.,0.8184204,0.0032453,0.0785192,N.A.,N.A.,N.A.,N.A.,N.A.,0.0208832,0.0007608,N.A.,N.A.,0.0103332,N.A.,N.A.,0.0010309,N.A.,N.A.,0.0601816,0.0066251,N.A.,N.A.,N.A.,0.2343594,0.0131298,11294.803
177.0,178.0,0.0095238,0.007923,N.A.,N.A.,N.A.,N.A.,N.A.,N.A.,N.A.,N.A.,N.A.,0.0396959,N.A.,0.9428571,0.0896438,N.A.,N.A.,0.0118038,0.0352966,2191.4467,0.0141671,2257.1511,N.A.,0.7749591,0.0010199,0.128875,N.A.,N.A.,N.A.,N.A.,N.A.,0.0241375,N.A.,N.A.,N.A.,0.0088435,N.A.,N.A.,0.002791,N.A.,N.A.,0.0510104,0.0083632,N.A.,N.A.,N.A.,0.2195746,0.0094265,11307.984
178.0,179.0,0.003607,N.A.,N.A.,N.A.,N.A.,N.A.,N.A.,N.A.,N.A.,N.A.,N.A.,0.1446435,N.A.,0.8517492000000001,0.1014397,N.A.,N.A.,0.0201337,0.0276783,2190.4511,0.0126325,2256.3122,N.A.,0.7139149,0.0021777,0.1584294,N.A.,N.A.,N.A.,N.A.,N.A.,0.0058598,N.A.,N.A.,N.A.,0.010602,N.A.,N.A.,0.0045253,N.A.,N.A.,0.1040043,0.0004862,N.A.,N.A.,N.A.,0.2198898,0.0267939,11291.479
179.0,180.0,N.A.,N.A.,N.A.,0.0051329,N.A.,N.A.,N.A.,N.A.,N.A.,N.A.,N.A.,0.0058188,0.0049681,0.98408,0.0799275,N.A.,N.A.,0.0137526,0.0335865,2189.4304,0.0150525,2254.9514,N.A.,0.7693812,0.0033074,0.1552255,N.A.,N.A.,N.A.,N.A.,N.A.,0.0071945,0.0012841,N.A.,N.A.,0.0134493,N.A.,N.A.,0.0060135,N.A.,N.A.,0.0441441,N.A.,N.A.,N.A.,N.A.,0.2224788,0.0087057,11305.08
180.0,181.0,0.0057497,N.A.,N.A.,N.A.,N.A.,N.A.,N.A.,N.A.,N.A.,N.A.,N.A.,0.003774,0.0095238,0.9809523,0.0806787,0.0306545,878.45794,0.01076,0.0350286,2189.0007,0.0139707,2257.8173,N.A.,0.8115775,0.005442,0.0711762,N.A.,N.A.,N.A.,N.A.,0.0005001,0.0083577,0.0180345,N.A.,0.0012053,0.0283535,N.A.,N.A.,0.001446,N.A.,N.A.,0.0498547,0.0040519,N.A.,N.A.,N.A.,0.2255384,0.0106127,11296.317
181.0,182.0,N.A.,N.A.,N.A.,N.A.,N.A.,N.A.,N.A.,N.A.,N.A.,N.A.,N.A.,N.A.,N.A.,1.0,0.0946132,N.A.,N.A.,0.0102748,0.0361802,2194.4626,0.0139587,2255.7265,N.A.,0.865237,N.A.,N.A.,N.A.,N.A.,N.A.,N.A.,N.A.,0.0047636,0.0222391,N.A.,N.A.,0.026294,N.A.,N.A.,N.A.,N.A.,N.A.,0.05511,0.0263561,N.A.,N.A.,N.A.,0.2344128,0.0090919,11295.663
182.0,183.0,N.A.,0.0154968,N.A.,N.A.,N.A.,N.A.,N.A.,N.A.,N.A.,N.A.,N.A.,0.0205061,N.A.,0.9639969,0.0793997,N.A.,N.A.,0.0133623,0.0414251,2185.9206,0.0197345,2256.9174,N.A.,0.5095509,N.A.,N.A.,N.A.,0.001918,N.A.,N.A.,N.A.,0.3183482,N.A.,N.A.,N.A.,0.0032266,N.A.,N.A.,0.004668,N.A.,N.A.,0.095838,0.06645,N.A.,N.A.,N.A.,0.2384259,0.009459,11399.224
183.0,184.0,0.007175,N.A.,N.A.,N.A.,N.A.,N.A.,N.A.,N.A.,N.A.,N.A.,N.A.,0.0067628,N.A.,0.9860620999999999,0.0818397,N.A.,N.A.,0.0115849,0.0364778,2183.4289,0.0184173,2254.717,N.A.,0.5019639,N.A.,N.A.,N.A.,N.A.,N.A.,N.A.,0.0023869,0.3299039,N.A.,0.002018,N.A.,N.A.,0.0185298,N.A.,0.0027322,N.A.,N.A.,0.0788872,0.0635777,N.A.,N.A.,N.A.,0.2418911,0.0043905,11438.531
184.0,185.0,N.A.,N.A.,N.A.,N.A.,N.A.,N.A.,N.A.,N.A.,N.A.,N.A.,N.A.,0.0021343,0.007481,0.9903846,0.0782134,N.A.,N.A.,0.0156464,0.0391287,2178.4245,0.0202962,2256.385,N.A.,0.5225606,0.0052148,N.A.,N.A.,0.0020458,N.A.,N.A.,N.A.,0.3047105,N.A.,N.A.,0.0015151,N.A.,0.0071667,N.A.,0.004271,0.003187,N.A.,0.0466569,0.1026711,N.A.,N.A.,N.A.,0.2416803,0.0046403,11395.46
185.0,186.0,N.A.,N.A.,N.A.,N.A.,N.A.,N.A.,N.A.,N.A.,N.A.,N.A.,N.A.,N.A.,N.A.,1.0,0.0645634,N.A.,N.A.,0.0155313,0.0444049,2182.8007,0.0228266,2256.5434,N.A.,0.4981603,N.A.,N.A.,N.A.,N.A.,N.A.,N.A.,N.A.,0.3368702,N.A.,0.004631,N.A.,0.0016324,0.006349,N.A.,0.0075044,N.A.,N.A.,0.0433824,0.1014699,N.A.,N.A.,N.A.,0.2371473,0.0057735,11410.879
186.0,187.0,N.A.,N.A.,N.A.,0.0086581,N.A.,N.A.,N.A.,N.A.,N.A.,N.A.,N.A.,0.0107258,0.0091874,0.9714285,0.0653601,N.A.,N.A.,0.014846,0.0437221,2180.3916,0.0232599,2255.8171,N.A.,0.4720745,N.A.,N.A.,N.A.,N.A.,N.A.,N.A.,N.A.,0.3596284,0.0072978,0.012029,N.A.,N.A.,N.A.,N.A.,0.025589,0.0014898,N.A.,0.0294174,0.0924737,N.A.,N.A.,N.A.,0.2294579,0.005263,11418.011
187.0,188.0,0.0083928,0.0470583,N.A.,N.A.,N.A.,N.A.,N.A.,N.A.,N.A.,N.A.,N.A.,0.0412401,0.0085717,0.8947368,0.0988993,N.A.,N.A.,0.0108214,0.0382585,2189.8039,0.014903,2258.2522,N.A.,0.7400543,N.A.,0.0204098,N.A.,N.A.,N.A.,N.A.,N.A.,0.1347228,0.0011639,N.A.,N.A.,0.0022959,N.A.,N.A.,0.0008284,N.A.,N.A.,0.0794586,0.0210658,N.A.,N.A.,N.A.,0.2346769,0.0079795,11342.325
188.0,189.0,0.0056047,0.0592516,N.A.,0.0035516,N.A.,N.A.,N.A.,N.A.,N.A.,N.A.,N.A.,0.0853168,0.0069893,0.8392857,0.1178754,N.A.,N.A.,0.0137796,0.0445278,2194.8029,0.0139792,2256.2275,N.A.,0.81152,N.A.,0.0455827,N.A.,N.A.,N.A.,N.A.,0.0005632,0.0532135,0.0008444,N.A.,0.0061585,0.0168466,N.A.,N.A.,N.A.,N.A.,N.A.,0.0538141,0.0114566,N.A.,N.A.,N.A.,0.2320593,0.0096185,11308.245
189.0,190.0,N.A.,0.0643493,N.A.,0.0070623,N.A.,N.A.,N.A.,N.A.,N.A.,N.A.,N.A.,0.0786389,N.A.,0.8499493,0.0990831,0.0818637,948.95269,0.0151896,0.0556399,2189.2561,0.0149668,2257.194,N.A.,0.7944734,N.A.,N.A.,N.A.,N.A.,N.A.,N.A.,N.A.,0.0476802,0.0052162,N.A.,N.A.,0.0129471,N.A.,N.A.,N.A.,N.A.,N.A.,0.0990805,0.0406022,N.A.,N.A.,N.A.,0.2276507,0.0101242,11310.618
190.0,191.0,0.0063713,0.0048378,N.A.,N.A.,N.A.,N.A.,N.A.,N.A.,N.A.,N.A.,N.A.,0.0984311,0.0070262,0.8833333,0.1186766,N.A.,N.A.,0.0165958,0.0285245,2186.5944,0.0126788,2255.8632,N.A.,0.8924726,N.A.,0.0183755,N.A.,N.A.,N.A.,N.A.,0.0009664,N.A.,0.0061737,N.A.,N.A.,0.0115639,N.A.,N.A.,N.A.,N.A.,N.A.,0.0613843,0.0090633,N.A.,N.A.,N.A.,0.2393733,0.0109234,11299.226
191.0,192.0,N.A.,0.0073137,N.A.,N.A.,0.0063766,N.A.,N.A.,N.A.,N.A.,0.0031214,N.A.,0.0269479,N.A.,0.95624,0.1117028,N.A.,N.A.,0.0100182,0.0307698,2190.0214,0.0145591,2255.6677,N.A.,0.9222178,N.A.,0.0122238,N.A.,N.A.,N.A.,N.A.,N.A.,0.0004484,0.0048695,N.A.,N.A.,0.0011985,N.A.,N.A.,N.A.,N.A.,N.A.,0.0499911,0.0090506,N.A.,N.A.,N.A.,0.2427618,0.0084149,11297.596
192.0,193.0,N.A.,N.A.,N.A.,N.A.,N.A.,N.A.,N.A.,N.A.,N.A.,N.A.,N.A.,0.0390467,0.0071598,0.9537933000000001,0.0955989,N.A.,N.A.,0.0135794,0.0368289,2187.5932,0.0165592,2256.2763,N.A.,0.7234579,N.A.,N.A.,N.A.,N.A.,N.A.,N.A.,N.A.,0.1150852,0.004208,N.A.,N.A.,0.0113007,N.A.,N.A.,N.A.,N.A.,N.A.,0.1107645,0.0351835,N.A.,N.A.,N.A.,0.2328599,0.0108765,11338.5
193.0,194.0,N.A.,N.A.,N.A.,0.0030823,N.A.,N.A.,N.A.,N.A.,N.A.,N.A.,N.A.,0.0311375,0.0098223,0.9559577,0.0866013,N.A.,N.A.,0.0122433,0.0365585,2186.8808,0.0171707,2254.9416,N.A.,0.6062326,N.A.,N.A.,N.A.,N.A.,N.A.,N.A.,N.A.,0.2579219,N.A.,N.A.,N.A.,N.A.,0.0052994,N.A.,0.009255,N.A.,N.A.,0.0982365,0.0230544,N.A.,N.A.,N.A.,0.2374539,0.0101743,11387.805
194.0,195.0,N.A.,0.0081799,N.A.,N.A.,N.A.,N.A.,N.A.,N.A.,N.A.,0.0072042,0.0054782,0.1224398,0.0027652,0.8539325,0.1110405,0.0397313,974.01416,0.0200807,0.0368456,2190.2451,0.0155883,2256.07,N.A.,0.6637988,N.A.,0.030669,N.A.,N.A.,N.A.,N.A.,N.A.,0.1749019,N.A.,N.A.,N.A.,0.001193,N.A.,N.A.,0.0068657,N.A.,N.A.,0.1225713,N.A.,N.A.,N.A.,N.A.,0.2352573,0.0167786,11337.506
